Using pre-set license
Built from '2022.3/respin/2022.3.62f2-4af31df585-v2' branch; Version is '2022.3.62f3 (96770f904ca7) revision 9860879'; Using compiler version '192829333'; Build Type 'Release'
OS: 'Windows 11  (10.0.26100) 64bit Professional' Language: 'ru' Physical Memory: 32690 MB
BatchMode: 1, IsHumanControllingUs: 0, StartBugReporterOnCrash: 0, Is64bit: 1, IsPro: 1

COMMAND LINE ARGUMENTS:
C:\Program Files\Unity\Hub\Editor\2022.3.62f3\Editor\Unity.exe
-adb2
-batchMode
-noUpm
-name
AssetImportWorker1
-projectPath
C:/work/gamedev/unity/BoardGame
-logFile
Logs/AssetImportWorker1.log
-srvPort
50802
Successfully changed project path to: C:/work/gamedev/unity/BoardGame
C:/work/gamedev/unity/BoardGame
[UnityMemory] Configuration Parameters - Can be set up in boot.config
    "memorysetup-bucket-allocator-granularity=16"
    "memorysetup-bucket-allocator-bucket-count=8"
    "memorysetup-bucket-allocator-block-size=33554432"
    "memorysetup-bucket-allocator-block-count=8"
    "memorysetup-main-allocator-block-size=16777216"
    "memorysetup-thread-allocator-block-size=16777216"
    "memorysetup-gfx-main-allocator-block-size=16777216"
    "memorysetup-gfx-thread-allocator-block-size=16777216"
    "memorysetup-cache-allocator-block-size=4194304"
    "memorysetup-typetree-allocator-block-size=2097152"
    "memorysetup-profiler-bucket-allocator-granularity=16"
    "memorysetup-profiler-bucket-allocator-bucket-count=8"
    "memorysetup-profiler-bucket-allocator-block-size=33554432"
    "memorysetup-profiler-bucket-allocator-block-count=8"
    "memorysetup-profiler-allocator-block-size=16777216"
    "memorysetup-profiler-editor-allocator-block-size=1048576"
    "memorysetup-temp-allocator-size-main=16777216"
    "memorysetup-job-temp-allocator-block-size=2097152"
    "memorysetup-job-temp-allocator-block-size-background=1048576"
    "memorysetup-job-temp-allocator-reduction-small-platforms=262144"
    "memorysetup-allocator-temp-initial-block-size-main=262144"
    "memorysetup-allocator-temp-initial-block-size-worker=262144"
    "memorysetup-temp-allocator-size-background-worker=32768"
    "memorysetup-temp-allocator-size-job-worker=262144"
    "memorysetup-temp-allocator-size-preload-manager=33554432"
    "memorysetup-temp-allocator-size-nav-mesh-worker=65536"
    "memorysetup-temp-allocator-size-audio-worker=65536"
    "memorysetup-temp-allocator-size-cloud-worker=32768"
    "memorysetup-temp-allocator-size-gi-baking-worker=262144"
    "memorysetup-temp-allocator-size-gfx=262144"
Player connection [14860]  Target information:

Player connection [14860]  * "[IP] 192.168.0.13 [Port] 0 [Flags] 2 [Guid] 1191699164 [EditorId] 1191699164 [Version] 1048832 [Id] WindowsEditor(7,Bruxer-PC) [Debug] 1 [PackageName] WindowsEditor [ProjectName] Editor" 

Player connection [14860] Host joined multi-casting on [225.0.0.222:54997]...
Player connection [14860] Host joined alternative multi-casting on [225.0.0.222:34997]...
Input System module state changed to: Initialized.
[PhysX] Initialized MultithreadedTaskDispatcher with 16 workers.
Refreshing native plugins compatible for Editor in 6.26 ms, found 3 plugins.
Preloading 0 native plugins for Editor in 0.00 ms.
Initialize engine version: 2022.3.62f3 (96770f904ca7)
[Subsystems] Discovering subsystems at path C:/Program Files/Unity/Hub/Editor/2022.3.62f3/Editor/Data/Resources/UnitySubsystems
[Subsystems] Discovering subsystems at path C:/work/gamedev/unity/BoardGame/Assets
GfxDevice: creating device client; threaded=0; jobified=0
Direct3D:
    Version:  Direct3D 11.0 [level 11.1]
    Renderer: NVIDIA GeForce RTX 3060 Ti (ID=0x2489)
    Vendor:   NVIDIA
    VRAM:     8024 MB
    Driver:   32.0.15.9159
Initialize mono
Mono path[0] = 'C:/Program Files/Unity/Hub/Editor/2022.3.62f3/Editor/Data/Managed'
Mono path[1] = 'C:/Program Files/Unity/Hub/Editor/2022.3.62f3/Editor/Data/MonoBleedingEdge/lib/mono/unityjit-win32'
Mono config path = 'C:/Program Files/Unity/Hub/Editor/2022.3.62f3/Editor/Data/MonoBleedingEdge/etc'
Using monoOptions --debugger-agent=transport=dt_socket,embedding=1,server=y,suspend=n,address=127.0.0.1:56856
Begin MonoManager ReloadAssembly
Registering precompiled unity dll's ...
Register platform support module: C:/Program Files/Unity/Hub/Editor/2022.3.62f3/Editor/Data/PlaybackEngines/WebGLSupport/UnityEditor.WebGL.Extensions.dll
Register platform support module: C:/Program Files/Unity/Hub/Editor/2022.3.62f3/Editor/Data/PlaybackEngines/WindowsStandaloneSupport/UnityEditor.WindowsStandalone.Extensions.dll
Registered in 0.005950 seconds.
- Loaded All Assemblies, in  0.244 seconds
Native extension for WindowsStandalone target not found
Native extension for WebGL target not found
Mono: successfully reloaded assembly
- Finished resetting the current domain, in  0.192 seconds
Domain Reload Profiling: 436ms
	BeginReloadAssembly (71ms)
		ExecutionOrderSort (0ms)
		DisableScriptedObjects (0ms)
		BackupInstance (0ms)
		ReleaseScriptingObjects (0ms)
		CreateAndSetChildDomain (1ms)
	RebuildCommonClasses (24ms)
	RebuildNativeTypeToScriptingClass (7ms)
	initialDomainReloadingComplete (43ms)
	LoadAllAssembliesAndSetupDomain (98ms)
		LoadAssemblies (70ms)
		RebuildTransferFunctionScriptingTraits (0ms)
		AnalyzeDomain (97ms)
			TypeCache.Refresh (96ms)
				TypeCache.ScanAssembly (86ms)
			ScanForSourceGeneratedMonoScriptInfo (0ms)
			ResolveRequiredComponents (0ms)
	FinalizeReload (192ms)
		ReleaseScriptCaches (0ms)
		RebuildScriptCaches (0ms)
		SetupLoadedEditorAssemblies (158ms)
			LogAssemblyErrors (0ms)
			InitializePlatformSupportModulesInManaged (8ms)
			SetLoadedEditorAssemblies (4ms)
			RefreshPlugins (0ms)
			BeforeProcessingInitializeOnLoad (2ms)
			ProcessInitializeOnLoadAttributes (110ms)
			ProcessInitializeOnLoadMethodAttributes (35ms)
			AfterProcessingInitializeOnLoad (0ms)
			EditorAssembliesLoaded (0ms)
		ExecutionOrderSort2 (0ms)
		AwakeInstancesAfterBackupRestoration (0ms)
========================================================================
Worker process is ready to serve import requests
Caller must complete domain reload
Begin MonoManager ReloadAssembly
- Loaded All Assemblies, in  0.408 seconds
Native extension for WindowsStandalone target not found
Native extension for WebGL target not found
Mono: successfully reloaded assembly
- Finished resetting the current domain, in  0.418 seconds
Domain Reload Profiling: 824ms
	BeginReloadAssembly (102ms)
		ExecutionOrderSort (0ms)
		DisableScriptedObjects (4ms)
		BackupInstance (0ms)
		ReleaseScriptingObjects (0ms)
		CreateAndSetChildDomain (17ms)
	RebuildCommonClasses (24ms)
	RebuildNativeTypeToScriptingClass (7ms)
	initialDomainReloadingComplete (30ms)
	LoadAllAssembliesAndSetupDomain (243ms)
		LoadAssemblies (179ms)
		RebuildTransferFunctionScriptingTraits (0ms)
		AnalyzeDomain (121ms)
			TypeCache.Refresh (106ms)
				TypeCache.ScanAssembly (97ms)
			ScanForSourceGeneratedMonoScriptInfo (11ms)
			ResolveRequiredComponents (3ms)
	FinalizeReload (418ms)
		ReleaseScriptCaches (0ms)
		RebuildScriptCaches (0ms)
		SetupLoadedEditorAssemblies (317ms)
			LogAssemblyErrors (0ms)
			InitializePlatformSupportModulesInManaged (5ms)
			SetLoadedEditorAssemblies (2ms)
			RefreshPlugins (0ms)
			BeforeProcessingInitializeOnLoad (45ms)
			ProcessInitializeOnLoadAttributes (241ms)
			ProcessInitializeOnLoadMethodAttributes (18ms)
			AfterProcessingInitializeOnLoad (5ms)
			EditorAssembliesLoaded (0ms)
		ExecutionOrderSort2 (0ms)
		AwakeInstancesAfterBackupRestoration (6ms)
Launched and connected shader compiler UnityShaderCompiler.exe after 0.03 seconds
Refreshing native plugins compatible for Editor in 2.27 ms, found 3 plugins.
Preloading 0 native plugins for Editor in 0.00 ms.
Unloading 3310 Unused Serialized files (Serialized files now loaded: 0)
Unloading 19 unused Assets / (54.7 KB). Loaded Objects now: 3778.
Memory consumption went from 126.8 MB to 126.7 MB.
Total: 2.530500 ms (FindLiveObjects: 0.213700 ms CreateObjectMapping: 0.072500 ms MarkObjects: 2.172700 ms  DeleteObjects: 0.070900 ms)

AssetImportParameters requested are different than current active one (requested -> active):
  custom:container-demuxer-ogg: 62fdf1f143b41e24485cea50d1cbac27 -> 
  custom:video-decoder-ogg-theora: a1e56fd34408186e4bbccfd4996cb3dc -> 
  custom:framework-win-MediaFoundation: 216162199b28c13a410421893ffa2e32 -> 
  custom:CustomObjectIndexerAttribute: 9a22284fe3817be447336de3de66b15e -> 
  custom:container-demuxer-webm: 4f35f7cbe854078d1ac9338744f61a02 -> 
  custom:container-muxer-webm: aa71ff27fc2769a1b78a27578f13a17b -> 
  custom:video-decoder-webm-vp8: 9c59270c3fd7afecdb556c50c9e8de78 -> 
  custom:SearchIndexIgnoredProperties: e643bd26f0fe6173181afceb89e7c659 -> 
  custom:AudioImporter_EditorPlatform: d09bf68614088b80899f8185d706f6e7 -> 
  custom:video-encoder-webm-vp8: eb34c28f22e8b96e1ab97ce403110664 -> 
  custom:audio-decoder-ogg-vorbis: bf7c407c2cedff20999df2af8eb42d56 -> 
  custom:audio-encoder-webm-vorbis: bf7c407c2cedff20999df2af8eb42d56 -> 
========================================================================
Received Prepare
Caller must complete domain reload
Begin MonoManager ReloadAssembly
- Loaded All Assemblies, in  0.295 seconds
Native extension for WindowsStandalone target not found
Native extension for WebGL target not found
Mono: successfully reloaded assembly
- Finished resetting the current domain, in  0.636 seconds
Domain Reload Profiling: 929ms
	BeginReloadAssembly (112ms)
		ExecutionOrderSort (0ms)
		DisableScriptedObjects (4ms)
		BackupInstance (0ms)
		ReleaseScriptingObjects (0ms)
		CreateAndSetChildDomain (25ms)
	RebuildCommonClasses (23ms)
	RebuildNativeTypeToScriptingClass (7ms)
	initialDomainReloadingComplete (22ms)
	LoadAllAssembliesAndSetupDomain (128ms)
		LoadAssemblies (176ms)
		RebuildTransferFunctionScriptingTraits (0ms)
		AnalyzeDomain (9ms)
			TypeCache.Refresh (4ms)
				TypeCache.ScanAssembly (0ms)
			ScanForSourceGeneratedMonoScriptInfo (0ms)
			ResolveRequiredComponents (4ms)
	FinalizeReload (636ms)
		ReleaseScriptCaches (0ms)
		RebuildScriptCaches (0ms)
		SetupLoadedEditorAssemblies (273ms)
			LogAssemblyErrors (0ms)
			InitializePlatformSupportModulesInManaged (5ms)
			SetLoadedEditorAssemblies (2ms)
			RefreshPlugins (0ms)
			BeforeProcessingInitializeOnLoad (44ms)
			ProcessInitializeOnLoadAttributes (200ms)
			ProcessInitializeOnLoadMethodAttributes (16ms)
			AfterProcessingInitializeOnLoad (5ms)
			EditorAssembliesLoaded (0ms)
		ExecutionOrderSort2 (0ms)
		AwakeInstancesAfterBackupRestoration (5ms)
Refreshing native plugins compatible for Editor in 2.44 ms, found 3 plugins.
Preloading 0 native plugins for Editor in 0.00 ms.
Unloading 3290 Unused Serialized files (Serialized files now loaded: 0)
Unloading 14 unused Assets / (28.5 KB). Loaded Objects now: 3782.
Memory consumption went from 122.9 MB to 122.9 MB.
Total: 2.201100 ms (FindLiveObjects: 0.193800 ms CreateObjectMapping: 0.079800 ms MarkObjects: 1.894100 ms  DeleteObjects: 0.032600 ms)

Prepare: number of updated asset objects reloaded= 0
AssetImportParameters requested are different than current active one (requested -> active):
  custom:container-demuxer-ogg: 62fdf1f143b41e24485cea50d1cbac27 -> 
  custom:video-decoder-ogg-theora: a1e56fd34408186e4bbccfd4996cb3dc -> 
  custom:framework-win-MediaFoundation: 216162199b28c13a410421893ffa2e32 -> 
  custom:CustomObjectIndexerAttribute: 9a22284fe3817be447336de3de66b15e -> 
  custom:container-demuxer-webm: 4f35f7cbe854078d1ac9338744f61a02 -> 
  custom:container-muxer-webm: aa71ff27fc2769a1b78a27578f13a17b -> 
  custom:video-decoder-webm-vp8: 9c59270c3fd7afecdb556c50c9e8de78 -> 
  custom:SearchIndexIgnoredProperties: e643bd26f0fe6173181afceb89e7c659 -> 
  custom:AudioImporter_EditorPlatform: d09bf68614088b80899f8185d706f6e7 -> 
  custom:video-encoder-webm-vp8: eb34c28f22e8b96e1ab97ce403110664 -> 
  custom:audio-decoder-ogg-vorbis: bf7c407c2cedff20999df2af8eb42d56 -> 
  custom:audio-encoder-webm-vorbis: bf7c407c2cedff20999df2af8eb42d56 -> 
========================================================================
Received Import Request.
  Time since last request: 2035.614595 seconds.
  path: Assets/ПОЛЕ.jpg
  artifactKey: Guid(3fd0b337970370543bb6859e6286b774) Importer(2089858483,0ecaa5967403d082aa24f35e1b516d23)
Start importing Assets/ПОЛЕ.jpg using Guid(3fd0b337970370543bb6859e6286b774) Importer(2089858483,0ecaa5967403d082aa24f35e1b516d23) [PhysX] Initialized MultithreadedTaskDispatcher with 16 workers.
 -> (artifact id: '1155ffb1c26bc7f6ac728bab50054202') in 0.106977 seconds
Number of updated asset objects reloaded before import = 0
Number of asset objects unloaded after import = 1
========================================================================
Received Import Request.
  Time since last request: 0.000017 seconds.
  path: Assets/Images/Icons/it.png
  artifactKey: Guid(bd42033a8c9ec5f4b83b4897f7361ba5) Importer(2089858483,0ecaa5967403d082aa24f35e1b516d23)
Start importing Assets/Images/Icons/it.png using Guid(bd42033a8c9ec5f4b83b4897f7361ba5) Importer(2089858483,0ecaa5967403d082aa24f35e1b516d23) [PhysX] Initialized MultithreadedTaskDispatcher with 16 workers.
 -> (artifact id: '4bcf8194433857b4c0cc4ef9212ad25a') in 0.015873 seconds
Number of updated asset objects reloaded before import = 0
Number of asset objects unloaded after import = 3
========================================================================
Received Import Request.
  Time since last request: 0.000012 seconds.
  path: Assets/Images/Characters/kristina-front.jpg
  artifactKey: Guid(e864f1109b0cc554f835562789a46886) Importer(2089858483,0ecaa5967403d082aa24f35e1b516d23)
Start importing Assets/Images/Characters/kristina-front.jpg using Guid(e864f1109b0cc554f835562789a46886) Importer(2089858483,0ecaa5967403d082aa24f35e1b516d23) [PhysX] Initialized MultithreadedTaskDispatcher with 16 workers.
 -> (artifact id: '4cea1744197e44f006e6725342bf0c8e') in 0.013095 seconds
Number of updated asset objects reloaded before import = 0
Number of asset objects unloaded after import = 3
========================================================================
Received Import Request.
  Time since last request: 0.000091 seconds.
  path: Assets/Models/dice/dice_6.png
  artifactKey: Guid(e8c16b141513147409badc1656beda13) Importer(2089858483,0ecaa5967403d082aa24f35e1b516d23)
Start importing Assets/Models/dice/dice_6.png using Guid(e8c16b141513147409badc1656beda13) Importer(2089858483,0ecaa5967403d082aa24f35e1b516d23) [PhysX] Initialized MultithreadedTaskDispatcher with 16 workers.
 -> (artifact id: '370cc74c78f891f234f8b48ec4971b2f') in 0.008188 seconds
Number of updated asset objects reloaded before import = 0
Number of asset objects unloaded after import = 1
========================================================================
Received Import Request.
  Time since last request: 0.000032 seconds.
  path: Assets/Sounds/VictorySound.mp3
  artifactKey: Guid(961bf24754172fc46ae0eac80aea6b6b) Importer(2089858483,0ecaa5967403d082aa24f35e1b516d23)
Start importing Assets/Sounds/VictorySound.mp3 using Guid(961bf24754172fc46ae0eac80aea6b6b) Importer(2089858483,0ecaa5967403d082aa24f35e1b516d23) [PhysX] Initialized MultithreadedTaskDispatcher with 16 workers.
 -> (artifact id: '401eaa808cab36e713ad20dd2c4f6c05') in 0.016772 seconds
Number of updated asset objects reloaded before import = 0
Number of asset objects unloaded after import = 1
========================================================================
Received Import Request.
  Time since last request: 0.000045 seconds.
  path: Assets/Sounds/travelgudok.mp3
  artifactKey: Guid(784d768e66e7fcf4b9204b789160684f) Importer(2089858483,0ecaa5967403d082aa24f35e1b516d23)
Start importing Assets/Sounds/travelgudok.mp3 using Guid(784d768e66e7fcf4b9204b789160684f) Importer(2089858483,0ecaa5967403d082aa24f35e1b516d23) [PhysX] Initialized MultithreadedTaskDispatcher with 16 workers.
 -> (artifact id: 'b8e59af1bc9f2eee50fa266f125aac03') in 0.022754 seconds
Number of updated asset objects reloaded before import = 0
Number of asset objects unloaded after import = 1
========================================================================
Received Import Request.
  Time since last request: 0.000032 seconds.
  path: Assets/Materials/Доска.mat
  artifactKey: Guid(06372faf334b11e47b1918437714dc5f) Importer(2089858483,0ecaa5967403d082aa24f35e1b516d23)
Start importing Assets/Materials/Доска.mat using Guid(06372faf334b11e47b1918437714dc5f) Importer(2089858483,0ecaa5967403d082aa24f35e1b516d23) [PhysX] Initialized MultithreadedTaskDispatcher with 16 workers.
 -> (artifact id: 'e37981303dc48cb5b2640974b554a494') in 0.013888 seconds
Number of updated asset objects reloaded before import = 0
Number of asset objects unloaded after import = 2
========================================================================
Received Import Request.
  Time since last request: 0.000014 seconds.
  path: Assets/Prefabs/SmallCounter.prefab
  artifactKey: Guid(57ba0f56f65ad4c4682067e8153465f5) Importer(2089858483,0ecaa5967403d082aa24f35e1b516d23)
Start importing Assets/Prefabs/SmallCounter.prefab using Guid(57ba0f56f65ad4c4682067e8153465f5) Importer(2089858483,0ecaa5967403d082aa24f35e1b516d23) [PhysX] Initialized MultithreadedTaskDispatcher with 16 workers.
 -> (artifact id: 'd5056000c11b85d0c17cfb0a21685e93') in 0.056142 seconds
Number of updated asset objects reloaded before import = 0
Number of asset objects unloaded after import = 23
========================================================================
Received Import Request.
  Time since last request: 0.000011 seconds.
  path: Assets/TextMesh Pro/ПОЛЕ.jpg
  artifactKey: Guid(09df9bcf643d5084d9cba9f80881da89) Importer(2089858483,0ecaa5967403d082aa24f35e1b516d23)
Start importing Assets/TextMesh Pro/ПОЛЕ.jpg using Guid(09df9bcf643d5084d9cba9f80881da89) Importer(2089858483,0ecaa5967403d082aa24f35e1b516d23) [PhysX] Initialized MultithreadedTaskDispatcher with 16 workers.
 -> (artifact id: '6966c0e60030d0e70913bbb011a12912') in 0.008150 seconds
Number of updated asset objects reloaded before import = 0
Number of asset objects unloaded after import = 1
========================================================================
Received Import Request.
  Time since last request: 0.000034 seconds.
  path: Assets/Images/Characters/vanya-front.jpg
  artifactKey: Guid(adf0d9d45a7965340bae01a68ad924f5) Importer(2089858483,0ecaa5967403d082aa24f35e1b516d23)
Start importing Assets/Images/Characters/vanya-front.jpg using Guid(adf0d9d45a7965340bae01a68ad924f5) Importer(2089858483,0ecaa5967403d082aa24f35e1b516d23) [PhysX] Initialized MultithreadedTaskDispatcher with 16 workers.
 -> (artifact id: '4126ae1d2fd46b0a1fe6023eef08dc2f') in 0.011860 seconds
Number of updated asset objects reloaded before import = 0
Number of asset objects unloaded after import = 3
========================================================================
Received Import Request.
  Time since last request: 0.000034 seconds.
  path: Assets/Materials/Границы.mat
  artifactKey: Guid(c55e6cfabb7488b4ea0cd68830d54cfe) Importer(2089858483,0ecaa5967403d082aa24f35e1b516d23)
Start importing Assets/Materials/Границы.mat using Guid(c55e6cfabb7488b4ea0cd68830d54cfe) Importer(2089858483,0ecaa5967403d082aa24f35e1b516d23) [PhysX] Initialized MultithreadedTaskDispatcher with 16 workers.
 -> (artifact id: 'ee83f6d02a69747b6c8680ee5a70795a') in 0.003101 seconds
Number of updated asset objects reloaded before import = 0
Number of asset objects unloaded after import = 1
========================================================================
Received Import Request.
  Time since last request: 0.000028 seconds.
  path: Assets/Images/istockphoto-1073028248-612x612.jpg
  artifactKey: Guid(66c811b51190f774ab58ff4e752fedf9) Importer(2089858483,0ecaa5967403d082aa24f35e1b516d23)
Start importing Assets/Images/istockphoto-1073028248-612x612.jpg using Guid(66c811b51190f774ab58ff4e752fedf9) Importer(2089858483,0ecaa5967403d082aa24f35e1b516d23) [PhysX] Initialized MultithreadedTaskDispatcher with 16 workers.
 -> (artifact id: '56e22e0da5c888ca414bfc514d59afef') in 0.007933 seconds
Number of updated asset objects reloaded before import = 0
Number of asset objects unloaded after import = 1
========================================================================
Received Import Request.
  Time since last request: 0.000018 seconds.
  path: Assets/Models/dice/dice_1.png
  artifactKey: Guid(499fd9bfc76f1314985117aa070e0c37) Importer(2089858483,0ecaa5967403d082aa24f35e1b516d23)
Start importing Assets/Models/dice/dice_1.png using Guid(499fd9bfc76f1314985117aa070e0c37) Importer(2089858483,0ecaa5967403d082aa24f35e1b516d23) [PhysX] Initialized MultithreadedTaskDispatcher with 16 workers.
 -> (artifact id: '737026777817a959eba5270fa2c067bf') in 0.008878 seconds
Number of updated asset objects reloaded before import = 0
Number of asset objects unloaded after import = 1
========================================================================
Received Import Request.
  Time since last request: 0.000027 seconds.
  path: Assets/Scripts/Controllers/DeckController.cs
  artifactKey: Guid(de0192892cc7798429a9d6f6b2669309) Importer(2089858483,0ecaa5967403d082aa24f35e1b516d23)
Start importing Assets/Scripts/Controllers/DeckController.cs using Guid(de0192892cc7798429a9d6f6b2669309) Importer(2089858483,0ecaa5967403d082aa24f35e1b516d23) [PhysX] Initialized MultithreadedTaskDispatcher with 16 workers.
 -> (artifact id: '8a66533e2ee7b48eea0b9d87be2054e2') in 0.003564 seconds
Number of updated asset objects reloaded before import = 0
Number of asset objects unloaded after import = 1
========================================================================
Received Import Request.
  Time since last request: 0.000032 seconds.
  path: Assets/Images/Covers/sport-cover.jpg
  artifactKey: Guid(6d5fbd6ee8fb9994aa9c23ae0453293b) Importer(2089858483,0ecaa5967403d082aa24f35e1b516d23)
Start importing Assets/Images/Covers/sport-cover.jpg using Guid(6d5fbd6ee8fb9994aa9c23ae0453293b) Importer(2089858483,0ecaa5967403d082aa24f35e1b516d23) [PhysX] Initialized MultithreadedTaskDispatcher with 16 workers.
 -> (artifact id: '063287f4219f55928fa9d49a87c9ca9e') in 0.007931 seconds
Number of updated asset objects reloaded before import = 0
Number of asset objects unloaded after import = 1
========================================================================
Received Import Request.
  Time since last request: 0.000045 seconds.
  path: Assets/Materials/MainTexture.mat
  artifactKey: Guid(2a263b5e8e61f824380321695a932dac) Importer(2089858483,0ecaa5967403d082aa24f35e1b516d23)
Start importing Assets/Materials/MainTexture.mat using Guid(2a263b5e8e61f824380321695a932dac) Importer(2089858483,0ecaa5967403d082aa24f35e1b516d23) [PhysX] Initialized MultithreadedTaskDispatcher with 16 workers.
 -> (artifact id: '0a72daef824991203fe0c1aba22f21e8') in 0.003365 seconds
Number of updated asset objects reloaded before import = 0
Number of asset objects unloaded after import = 1
========================================================================
Received Import Request.
  Time since last request: 0.000043 seconds.
  path: Assets/Materials/Цвета фишек/Синяя фишка 2.mat
  artifactKey: Guid(51e311c8e922b1b4b9bcff2707b0e50f) Importer(2089858483,0ecaa5967403d082aa24f35e1b516d23)
Start importing Assets/Materials/Цвета фишек/Синяя фишка 2.mat using Guid(51e311c8e922b1b4b9bcff2707b0e50f) Importer(2089858483,0ecaa5967403d082aa24f35e1b516d23) [PhysX] Initialized MultithreadedTaskDispatcher with 16 workers.
 -> (artifact id: '1aebc70ba2600be6783b532c46994f15') in 0.004277 seconds
Number of updated asset objects reloaded before import = 0
Number of asset objects unloaded after import = 1
========================================================================
Received Import Request.
  Time since last request: 0.000034 seconds.
  path: Assets/Materials/Цвета карточек/Смежный_Проект.mat
  artifactKey: Guid(f619520e0d92a834fb89b13f29b0bf71) Importer(2089858483,0ecaa5967403d082aa24f35e1b516d23)
Start importing Assets/Materials/Цвета карточек/Смежный_Проект.mat using Guid(f619520e0d92a834fb89b13f29b0bf71) Importer(2089858483,0ecaa5967403d082aa24f35e1b516d23) [PhysX] Initialized MultithreadedTaskDispatcher with 16 workers.
 -> (artifact id: '553c7d90deca2b6e7e5f543be858f2f4') in 0.004476 seconds
Number of updated asset objects reloaded before import = 0
Number of asset objects unloaded after import = 1
========================================================================
Received Import Request.
  Time since last request: 0.000010 seconds.
  path: Assets/Scripts/Controllers/BoardNode.cs
  artifactKey: Guid(ed8ac0a44dbfa4448a6a6cf24c631531) Importer(2089858483,0ecaa5967403d082aa24f35e1b516d23)
Start importing Assets/Scripts/Controllers/BoardNode.cs using Guid(ed8ac0a44dbfa4448a6a6cf24c631531) Importer(2089858483,0ecaa5967403d082aa24f35e1b516d23) [PhysX] Initialized MultithreadedTaskDispatcher with 16 workers.
 -> (artifact id: 'e6f3ffdaecc03ff9035b27c76957d0d7') in 0.002641 seconds
Number of updated asset objects reloaded before import = 0
Number of asset objects unloaded after import = 1
========================================================================
Received Import Request.
  Time since last request: 0.000041 seconds.
  path: Assets/Prefabs/PartnerButton.prefab
  artifactKey: Guid(58aba2ce11238cd4288c8882101e5028) Importer(2089858483,0ecaa5967403d082aa24f35e1b516d23)
Start importing Assets/Prefabs/PartnerButton.prefab using Guid(58aba2ce11238cd4288c8882101e5028) Importer(2089858483,0ecaa5967403d082aa24f35e1b516d23) [PhysX] Initialized MultithreadedTaskDispatcher with 16 workers.
 -> (artifact id: 'dcbf8e756eb5e688e1705fc26bdf7f9e') in 0.152227 seconds
Number of updated asset objects reloaded before import = 0
Number of asset objects unloaded after import = 16
========================================================================
Received Import Request.
  Time since last request: 0.000016 seconds.
  path: Assets/Models/dice/dice_5.png
  artifactKey: Guid(21d54cc8b53b3374397d8577c02c0cec) Importer(2089858483,0ecaa5967403d082aa24f35e1b516d23)
Start importing Assets/Models/dice/dice_5.png using Guid(21d54cc8b53b3374397d8577c02c0cec) Importer(2089858483,0ecaa5967403d082aa24f35e1b516d23) [PhysX] Initialized MultithreadedTaskDispatcher with 16 workers.
 -> (artifact id: '80c2e03bd878193527d9b3aa0b8ac5f0') in 0.006941 seconds
Number of updated asset objects reloaded before import = 0
Number of asset objects unloaded after import = 1
========================================================================
Received Import Request.
  Time since last request: 0.000042 seconds.
  path: Assets/Images/Characters/danil-front.jpg
  artifactKey: Guid(cfda14443902c11449643309703c0a12) Importer(2089858483,0ecaa5967403d082aa24f35e1b516d23)
Start importing Assets/Images/Characters/danil-front.jpg using Guid(cfda14443902c11449643309703c0a12) Importer(2089858483,0ecaa5967403d082aa24f35e1b516d23) [PhysX] Initialized MultithreadedTaskDispatcher with 16 workers.
 -> (artifact id: '828e50a912e7305cf3fd923ad37b9008') in 0.011387 seconds
Number of updated asset objects reloaded before import = 0
Number of asset objects unloaded after import = 3
========================================================================
Received Import Request.
  Time since last request: 0.000017 seconds.
  path: Assets/Images/1642322.png
  artifactKey: Guid(ddc3073d38123bf4b9cbc60444c819eb) Importer(2089858483,0ecaa5967403d082aa24f35e1b516d23)
Start importing Assets/Images/1642322.png using Guid(ddc3073d38123bf4b9cbc60444c819eb) Importer(2089858483,0ecaa5967403d082aa24f35e1b516d23) [PhysX] Initialized MultithreadedTaskDispatcher with 16 workers.
 -> (artifact id: 'fffedd57696b377a407fd5b57c16224a') in 0.009428 seconds
Number of updated asset objects reloaded before import = 0
Number of asset objects unloaded after import = 3
========================================================================
Received Import Request.
  Time since last request: 0.000013 seconds.
  path: Assets/Sounds/SphereSounds/businesssound.mp3
  artifactKey: Guid(f553ca83e7cbcdd42812c599fa358ff7) Importer(2089858483,0ecaa5967403d082aa24f35e1b516d23)
Start importing Assets/Sounds/SphereSounds/businesssound.mp3 using Guid(f553ca83e7cbcdd42812c599fa358ff7) Importer(2089858483,0ecaa5967403d082aa24f35e1b516d23) [PhysX] Initialized MultithreadedTaskDispatcher with 16 workers.
 -> (artifact id: '82bcda84a259c54da18e37cdd612f999') in 0.023455 seconds
Number of updated asset objects reloaded before import = 0
Number of asset objects unloaded after import = 1
========================================================================
Received Import Request.
  Time since last request: 0.000039 seconds.
  path: Assets/Images/Cards/Art/Frame 102.jpg
  artifactKey: Guid(e39317db0c44dda41a6148468ed39b5f) Importer(2089858483,0ecaa5967403d082aa24f35e1b516d23)
Start importing Assets/Images/Cards/Art/Frame 102.jpg using Guid(e39317db0c44dda41a6148468ed39b5f) Importer(2089858483,0ecaa5967403d082aa24f35e1b516d23) [PhysX] Initialized MultithreadedTaskDispatcher with 16 workers.
 -> (artifact id: '4884c33a2e7bf108778feb37910e0160') in 0.010667 seconds
Number of updated asset objects reloaded before import = 0
Number of asset objects unloaded after import = 3
========================================================================
Received Import Request.
  Time since last request: 0.000013 seconds.
  path: Assets/TextMesh Pro/Shaders/TMPro.cginc
  artifactKey: Guid(407bc68d299748449bbf7f48ee690f8d) Importer(2089858483,0ecaa5967403d082aa24f35e1b516d23)
Start importing Assets/TextMesh Pro/Shaders/TMPro.cginc using Guid(407bc68d299748449bbf7f48ee690f8d) Importer(2089858483,0ecaa5967403d082aa24f35e1b516d23) [PhysX] Initialized MultithreadedTaskDispatcher with 16 workers.
 -> (artifact id: '763d304c0aa64ab2d7f11113b17274ad') in 0.003067 seconds
Number of updated asset objects reloaded before import = 0
Number of asset objects unloaded after import = 1
========================================================================
Received Import Request.
  Time since last request: 0.000010 seconds.
  path: Assets/TextMesh Pro/Shaders/TMP_SDF-Mobile Overlay.shader
  artifactKey: Guid(a02a7d8c237544f1962732b55a9aebf1) Importer(2089858483,0ecaa5967403d082aa24f35e1b516d23)
Start importing Assets/TextMesh Pro/Shaders/TMP_SDF-Mobile Overlay.shader using Guid(a02a7d8c237544f1962732b55a9aebf1) Importer(2089858483,0ecaa5967403d082aa24f35e1b516d23) [PhysX] Initialized MultithreadedTaskDispatcher with 16 workers.
 -> (artifact id: '68ade50e510a7bc602d908f244564074') in 0.005874 seconds
Number of updated asset objects reloaded before import = 0
Number of asset objects unloaded after import = 1
========================================================================
Received Import Request.
  Time since last request: 0.000064 seconds.
  path: Assets/Images/Cards/Art/Frame 103.jpg
  artifactKey: Guid(1ef166bfbb6f1814fac96da0429ca107) Importer(2089858483,0ecaa5967403d082aa24f35e1b516d23)
Start importing Assets/Images/Cards/Art/Frame 103.jpg using Guid(1ef166bfbb6f1814fac96da0429ca107) Importer(2089858483,0ecaa5967403d082aa24f35e1b516d23) [PhysX] Initialized MultithreadedTaskDispatcher with 16 workers.
 -> (artifact id: '9f2624fd26aa86eefa33928fc9752d6c') in 0.009352 seconds
Number of updated asset objects reloaded before import = 0
Number of asset objects unloaded after import = 3
========================================================================
Received Import Request.
  Time since last request: 0.000012 seconds.
  path: Assets/Images/Cards/Art/Frame 92.jpg
  artifactKey: Guid(23b9f36c57a86f14f96e79361ab16474) Importer(2089858483,0ecaa5967403d082aa24f35e1b516d23)
Start importing Assets/Images/Cards/Art/Frame 92.jpg using Guid(23b9f36c57a86f14f96e79361ab16474) Importer(2089858483,0ecaa5967403d082aa24f35e1b516d23) [PhysX] Initialized MultithreadedTaskDispatcher with 16 workers.
 -> (artifact id: '87d9a5b638d2acfd46b90f4c5bb81587') in 0.009743 seconds
Number of updated asset objects reloaded before import = 0
Number of asset objects unloaded after import = 3
========================================================================
Received Import Request.
  Time since last request: 0.000012 seconds.
  path: Assets/Sounds/SphereSounds/volounteersound.mp3
  artifactKey: Guid(d283ffc05e6f48848a6666a1cfb66e21) Importer(2089858483,0ecaa5967403d082aa24f35e1b516d23)
Start importing Assets/Sounds/SphereSounds/volounteersound.mp3 using Guid(d283ffc05e6f48848a6666a1cfb66e21) Importer(2089858483,0ecaa5967403d082aa24f35e1b516d23) [PhysX] Initialized MultithreadedTaskDispatcher with 16 workers.
 -> (artifact id: '2ccba8a1492964e4d4269f76509bae6d') in 0.015691 seconds
Number of updated asset objects reloaded before import = 0
Number of asset objects unloaded after import = 1
========================================================================
Received Import Request.
  Time since last request: 0.000029 seconds.
  path: Assets/Images/Cards/Art/Frame 88.jpg
  artifactKey: Guid(d0e69719075a5204abbd978a74ced7fe) Importer(2089858483,0ecaa5967403d082aa24f35e1b516d23)
Start importing Assets/Images/Cards/Art/Frame 88.jpg using Guid(d0e69719075a5204abbd978a74ced7fe) Importer(2089858483,0ecaa5967403d082aa24f35e1b516d23) [PhysX] Initialized MultithreadedTaskDispatcher with 16 workers.
 -> (artifact id: '1b15b3add8afccc66ece0a58ad269a26') in 0.010426 seconds
Number of updated asset objects reloaded before import = 0
Number of asset objects unloaded after import = 3
========================================================================
Received Import Request.
  Time since last request: 0.000013 seconds.
  path: Assets/TextMesh Pro/Shaders/TMP_Sprite.shader
  artifactKey: Guid(cf81c85f95fe47e1a27f6ae460cf182c) Importer(2089858483,0ecaa5967403d082aa24f35e1b516d23)
Start importing Assets/TextMesh Pro/Shaders/TMP_Sprite.shader using Guid(cf81c85f95fe47e1a27f6ae460cf182c) Importer(2089858483,0ecaa5967403d082aa24f35e1b516d23) [PhysX] Initialized MultithreadedTaskDispatcher with 16 workers.
 -> (artifact id: 'ff84793c2ba4fed4ec953b7a34c3b727') in 0.004464 seconds
Number of updated asset objects reloaded before import = 0
Number of asset objects unloaded after import = 1
========================================================================
Received Import Request.
  Time since last request: 0.000058 seconds.
  path: Assets/Models/dice/dice_4.png
  artifactKey: Guid(41468f1dfac12b44fa139b87241ddd52) Importer(2089858483,0ecaa5967403d082aa24f35e1b516d23)
Start importing Assets/Models/dice/dice_4.png using Guid(41468f1dfac12b44fa139b87241ddd52) Importer(2089858483,0ecaa5967403d082aa24f35e1b516d23) [PhysX] Initialized MultithreadedTaskDispatcher with 16 workers.
 -> (artifact id: 'be6114ebf897aa5555a16161f600f307') in 0.010028 seconds
Number of updated asset objects reloaded before import = 0
Number of asset objects unloaded after import = 1
========================================================================
Received Import Request.
  Time since last request: 0.000033 seconds.
  path: Assets/TextMesh Pro/Sprites/EmojiOne Attribution.txt
  artifactKey: Guid(381dcb09d5029d14897e55f98031fca5) Importer(2089858483,0ecaa5967403d082aa24f35e1b516d23)
Start importing Assets/TextMesh Pro/Sprites/EmojiOne Attribution.txt using Guid(381dcb09d5029d14897e55f98031fca5) Importer(2089858483,0ecaa5967403d082aa24f35e1b516d23) [PhysX] Initialized MultithreadedTaskDispatcher with 16 workers.
 -> (artifact id: '5b170eb69ee80fc98bbb3bc953d70330') in 0.003071 seconds
Number of updated asset objects reloaded before import = 0
Number of asset objects unloaded after import = 1
========================================================================
Received Import Request.
  Time since last request: 0.000019 seconds.
  path: Assets/Images/fund.png
  artifactKey: Guid(df5ef403da1e0a44b8f7825cfea41e65) Importer(2089858483,0ecaa5967403d082aa24f35e1b516d23)
Start importing Assets/Images/fund.png using Guid(df5ef403da1e0a44b8f7825cfea41e65) Importer(2089858483,0ecaa5967403d082aa24f35e1b516d23) [PhysX] Initialized MultithreadedTaskDispatcher with 16 workers.
 -> (artifact id: '9761f8760710feddffaab56174e07fd5') in 0.009139 seconds
Number of updated asset objects reloaded before import = 0
Number of asset objects unloaded after import = 3
========================================================================
Received Import Request.
  Time since last request: 0.000011 seconds.
  path: Assets/TextMesh Pro/Shaders/TMPro_Surface.cginc
  artifactKey: Guid(d930090c0cd643c7b55f19a38538c162) Importer(2089858483,0ecaa5967403d082aa24f35e1b516d23)
Start importing Assets/TextMesh Pro/Shaders/TMPro_Surface.cginc using Guid(d930090c0cd643c7b55f19a38538c162) Importer(2089858483,0ecaa5967403d082aa24f35e1b516d23) [PhysX] Initialized MultithreadedTaskDispatcher with 16 workers.
 -> (artifact id: 'f8261e9cc324accec6bca4ccacdc8df4') in 0.003220 seconds
Number of updated asset objects reloaded before import = 0
Number of asset objects unloaded after import = 1
========================================================================
Received Import Request.
  Time since last request: 0.000011 seconds.
  path: Assets/Materials/Цвета карточек/Уровень_Навыка.mat
  artifactKey: Guid(222b6cd9e63264443b8bed8b3b239708) Importer(2089858483,0ecaa5967403d082aa24f35e1b516d23)
Start importing Assets/Materials/Цвета карточек/Уровень_Навыка.mat using Guid(222b6cd9e63264443b8bed8b3b239708) Importer(2089858483,0ecaa5967403d082aa24f35e1b516d23) [PhysX] Initialized MultithreadedTaskDispatcher with 16 workers.
 -> (artifact id: '0cac0d5860e3983d5466eb2dd07bde18') in 0.003696 seconds
Number of updated asset objects reloaded before import = 0
Number of asset objects unloaded after import = 1
========================================================================
Received Import Request.
  Time since last request: 0.000041 seconds.
  path: Assets/Scenes/то самое.unity
  artifactKey: Guid(d70d71c24775fc245a593fbb33971375) Importer(2089858483,0ecaa5967403d082aa24f35e1b516d23)
Start importing Assets/Scenes/то самое.unity using Guid(d70d71c24775fc245a593fbb33971375) Importer(2089858483,0ecaa5967403d082aa24f35e1b516d23) [PhysX] Initialized MultithreadedTaskDispatcher with 16 workers.
 -> (artifact id: 'f704deccd721b895512740100ea5346a') in 0.002570 seconds
Number of updated asset objects reloaded before import = 0
Number of asset objects unloaded after import = 1
========================================================================
Received Import Request.
  Time since last request: 0.000047 seconds.
  path: Assets/TextMesh Pro/Shaders/TMP_Bitmap.shader
  artifactKey: Guid(128e987d567d4e2c824d754223b3f3b0) Importer(2089858483,0ecaa5967403d082aa24f35e1b516d23)
Start importing Assets/TextMesh Pro/Shaders/TMP_Bitmap.shader using Guid(128e987d567d4e2c824d754223b3f3b0) Importer(2089858483,0ecaa5967403d082aa24f35e1b516d23) [PhysX] Initialized MultithreadedTaskDispatcher with 16 workers.
 -> (artifact id: '75732745b9f6df69c14fc689afe300a4') in 0.002959 seconds
Number of updated asset objects reloaded before import = 0
Number of asset objects unloaded after import = 1
========================================================================
Received Import Request.
  Time since last request: 0.000061 seconds.
  path: Assets/Prefabs/CharacterCard.prefab
  artifactKey: Guid(7c6cb51838baff849a16ca9b8dbf2ad8) Importer(2089858483,0ecaa5967403d082aa24f35e1b516d23)
Start importing Assets/Prefabs/CharacterCard.prefab using Guid(7c6cb51838baff849a16ca9b8dbf2ad8) Importer(2089858483,0ecaa5967403d082aa24f35e1b516d23) [PhysX] Initialized MultithreadedTaskDispatcher with 16 workers.
 -> (artifact id: '7610c11215218e99a5a288073ff7b020') in 0.018099 seconds
Number of updated asset objects reloaded before import = 0
Number of asset objects unloaded after import = 13
========================================================================
Received Import Request.
  Time since last request: 0.000012 seconds.
  path: Assets/Cards_projects/unnamed.jpg
  artifactKey: Guid(b203c24bce0110d4bac430ae250949a9) Importer(2089858483,0ecaa5967403d082aa24f35e1b516d23)
Start importing Assets/Cards_projects/unnamed.jpg using Guid(b203c24bce0110d4bac430ae250949a9) Importer(2089858483,0ecaa5967403d082aa24f35e1b516d23) [PhysX] Initialized MultithreadedTaskDispatcher with 16 workers.
 -> (artifact id: 'c77b1621dbd05ccaa8ca852b4f8e2344') in 0.008819 seconds
Number of updated asset objects reloaded before import = 0
Number of asset objects unloaded after import = 1
========================================================================
Received Import Request.
  Time since last request: 0.000011 seconds.
  path: Assets/TextMesh Pro/Shaders/TMP_SDF-Mobile SSD.shader
  artifactKey: Guid(c8d12adcee749c344b8117cf7c7eb912) Importer(2089858483,0ecaa5967403d082aa24f35e1b516d23)
Start importing Assets/TextMesh Pro/Shaders/TMP_SDF-Mobile SSD.shader using Guid(c8d12adcee749c344b8117cf7c7eb912) Importer(2089858483,0ecaa5967403d082aa24f35e1b516d23) [PhysX] Initialized MultithreadedTaskDispatcher with 16 workers.
 -> (artifact id: 'db01692a27ce8a411e3635a60d1be1c1') in 0.003927 seconds
Number of updated asset objects reloaded before import = 0
Number of asset objects unloaded after import = 1
========================================================================
Received Import Request.
  Time since last request: 0.000072 seconds.
  path: Assets/Images/Covers/volunteering-cover.jpg
  artifactKey: Guid(6cddabdbfb9ee854da8a7999ee1d35dc) Importer(2089858483,0ecaa5967403d082aa24f35e1b516d23)
Start importing Assets/Images/Covers/volunteering-cover.jpg using Guid(6cddabdbfb9ee854da8a7999ee1d35dc) Importer(2089858483,0ecaa5967403d082aa24f35e1b516d23) [PhysX] Initialized MultithreadedTaskDispatcher with 16 workers.
 -> (artifact id: 'dda2610dfc2d54e5689d77f431213d5e') in 0.007158 seconds
Number of updated asset objects reloaded before import = 0
Number of asset objects unloaded after import = 1
========================================================================
Received Import Request.
  Time since last request: 0.000048 seconds.
  path: Assets/TextMesh Pro/Resources/TMP Settings.asset
  artifactKey: Guid(3f5b5dff67a942289a9defa416b206f3) Importer(2089858483,0ecaa5967403d082aa24f35e1b516d23)
Start importing Assets/TextMesh Pro/Resources/TMP Settings.asset using Guid(3f5b5dff67a942289a9defa416b206f3) Importer(2089858483,0ecaa5967403d082aa24f35e1b516d23) [PhysX] Initialized MultithreadedTaskDispatcher with 16 workers.
 -> (artifact id: '3aaa661b774553a7092f6e20c00b5f6e') in 0.026849 seconds
Number of updated asset objects reloaded before import = 0
Number of asset objects unloaded after import = 15
========================================================================
Received Import Request.
  Time since last request: 0.000014 seconds.
  path: Assets/Materials/ПОЛЕ (не удалять).mat
  artifactKey: Guid(fe9b2f9d10fd20a4396ec61289a53f29) Importer(2089858483,0ecaa5967403d082aa24f35e1b516d23)
Start importing Assets/Materials/ПОЛЕ (не удалять).mat using Guid(fe9b2f9d10fd20a4396ec61289a53f29) Importer(2089858483,0ecaa5967403d082aa24f35e1b516d23) [PhysX] Initialized MultithreadedTaskDispatcher with 16 workers.
 -> (artifact id: 'bf527f25b47f5f748539e5cbf8dc1336') in 0.003598 seconds
Number of updated asset objects reloaded before import = 0
Number of asset objects unloaded after import = 2
========================================================================
Received Import Request.
  Time since last request: 0.000021 seconds.
  path: Assets/Sounds/pullcard.mp3
  artifactKey: Guid(0dcc6f2f37dc1a54f886cb60d700dbb0) Importer(2089858483,0ecaa5967403d082aa24f35e1b516d23)
Start importing Assets/Sounds/pullcard.mp3 using Guid(0dcc6f2f37dc1a54f886cb60d700dbb0) Importer(2089858483,0ecaa5967403d082aa24f35e1b516d23) [PhysX] Initialized MultithreadedTaskDispatcher with 16 workers.
 -> (artifact id: 'b0374f7b908e95b4f9c794aa22cb8033') in 0.015705 seconds
Number of updated asset objects reloaded before import = 0
Number of asset objects unloaded after import = 1
========================================================================
Received Import Request.
  Time since last request: 0.000044 seconds.
  path: Assets/Sounds/move.mp3
  artifactKey: Guid(0191ddd28cc051d4a9fc2e52bd911194) Importer(2089858483,0ecaa5967403d082aa24f35e1b516d23)
Start importing Assets/Sounds/move.mp3 using Guid(0191ddd28cc051d4a9fc2e52bd911194) Importer(2089858483,0ecaa5967403d082aa24f35e1b516d23) [PhysX] Initialized MultithreadedTaskDispatcher with 16 workers.
 -> (artifact id: '430d5f03cdefd985d09ccbbac404843c') in 0.014260 seconds
Number of updated asset objects reloaded before import = 0
Number of asset objects unloaded after import = 1
========================================================================
Received Import Request.
  Time since last request: 0.000039 seconds.
  path: Assets/TextMesh Pro/Shaders/TMP_SDF SSD.shader
  artifactKey: Guid(14eb328de4b8eb245bb7cea29e4ac00b) Importer(2089858483,0ecaa5967403d082aa24f35e1b516d23)
Start importing Assets/TextMesh Pro/Shaders/TMP_SDF SSD.shader using Guid(14eb328de4b8eb245bb7cea29e4ac00b) Importer(2089858483,0ecaa5967403d082aa24f35e1b516d23) [PhysX] Initialized MultithreadedTaskDispatcher with 16 workers.
 -> (artifact id: 'aed1841dfbf704996075f6d2548003c0') in 0.003581 seconds
Number of updated asset objects reloaded before import = 0
Number of asset objects unloaded after import = 1
========================================================================
Received Import Request.
  Time since last request: 0.000044 seconds.
  path: Assets/TextMesh Pro/Resources/LineBreaking Following Characters.txt
  artifactKey: Guid(fade42e8bc714b018fac513c043d323b) Importer(2089858483,0ecaa5967403d082aa24f35e1b516d23)
Start importing Assets/TextMesh Pro/Resources/LineBreaking Following Characters.txt using Guid(fade42e8bc714b018fac513c043d323b) Importer(2089858483,0ecaa5967403d082aa24f35e1b516d23) [PhysX] Initialized MultithreadedTaskDispatcher with 16 workers.
 -> (artifact id: 'c7a9aa64929ee5b53f530024ca5c8c20') in 0.002372 seconds
Number of updated asset objects reloaded before import = 0
Number of asset objects unloaded after import = 1
========================================================================
Received Import Request.
  Time since last request: 0.000080 seconds.
  path: Assets/Images/pole_1.png
  artifactKey: Guid(b2bf0b541f128a841895e2d32ed3e459) Importer(2089858483,0ecaa5967403d082aa24f35e1b516d23)
Start importing Assets/Images/pole_1.png using Guid(b2bf0b541f128a841895e2d32ed3e459) Importer(2089858483,0ecaa5967403d082aa24f35e1b516d23) [PhysX] Initialized MultithreadedTaskDispatcher with 16 workers.
 -> (artifact id: '982cb5946e0ed5305040c0b66ebaa133') in 0.007393 seconds
Number of updated asset objects reloaded before import = 0
Number of asset objects unloaded after import = 1
========================================================================
Received Import Request.
  Time since last request: 0.000042 seconds.
  path: Assets/Images/Covers/media-cover.jpg
  artifactKey: Guid(d560856b01eb7bd43b782de0a46a2960) Importer(2089858483,0ecaa5967403d082aa24f35e1b516d23)
Start importing Assets/Images/Covers/media-cover.jpg using Guid(d560856b01eb7bd43b782de0a46a2960) Importer(2089858483,0ecaa5967403d082aa24f35e1b516d23) [PhysX] Initialized MultithreadedTaskDispatcher with 16 workers.
 -> (artifact id: 'ad4df5d8e365fd160d24f76cac96dbea') in 0.007676 seconds
Number of updated asset objects reloaded before import = 0
Number of asset objects unloaded after import = 1
========================================================================
Received Import Request.
  Time since last request: 0.000057 seconds.
  path: Assets/Images/Icons/art.png
  artifactKey: Guid(93ac3afac78dbc24bbc94e86da0a9183) Importer(2089858483,0ecaa5967403d082aa24f35e1b516d23)
Start importing Assets/Images/Icons/art.png using Guid(93ac3afac78dbc24bbc94e86da0a9183) Importer(2089858483,0ecaa5967403d082aa24f35e1b516d23) [PhysX] Initialized MultithreadedTaskDispatcher with 16 workers.
 -> (artifact id: '8458bf84af6b2fe761cd27211ca8ca65') in 0.009068 seconds
Number of updated asset objects reloaded before import = 0
Number of asset objects unloaded after import = 3
========================================================================
Received Import Request.
  Time since last request: 0.000013 seconds.
  path: Assets/Images/Materials/Proekt_Molode_776_zh_individualnoe_pole_1.mat
  artifactKey: Guid(1c0cdc261fcdddc40bdf98822479fd0b) Importer(2089858483,0ecaa5967403d082aa24f35e1b516d23)
Start importing Assets/Images/Materials/Proekt_Molode_776_zh_individualnoe_pole_1.mat using Guid(1c0cdc261fcdddc40bdf98822479fd0b) Importer(2089858483,0ecaa5967403d082aa24f35e1b516d23) [PhysX] Initialized MultithreadedTaskDispatcher with 16 workers.
 -> (artifact id: 'd15dd01a6a9114c12fd101fb25cc6a33') in 0.003811 seconds
Number of updated asset objects reloaded before import = 0
Number of asset objects unloaded after import = 1
========================================================================
Received Import Request.
  Time since last request: 0.000044 seconds.
  path: Assets/Sounds/bgmusic.mp3
  artifactKey: Guid(520233bde9e1a224a92f74a19e5cb565) Importer(2089858483,0ecaa5967403d082aa24f35e1b516d23)
Start importing Assets/Sounds/bgmusic.mp3 using Guid(520233bde9e1a224a92f74a19e5cb565) Importer(2089858483,0ecaa5967403d082aa24f35e1b516d23) [PhysX] Initialized MultithreadedTaskDispatcher with 16 workers.
 -> (artifact id: '15720cf39672f337b4489746d7dc8ac2') in 0.023832 seconds
Number of updated asset objects reloaded before import = 0
Number of asset objects unloaded after import = 1
========================================================================
Received Import Request.
  Time since last request: 0.000050 seconds.
  path: Assets/Images/Covers/it-cover.jpg
  artifactKey: Guid(bb61e298b62d82745ac452edb4dd69a5) Importer(2089858483,0ecaa5967403d082aa24f35e1b516d23)
Start importing Assets/Images/Covers/it-cover.jpg using Guid(bb61e298b62d82745ac452edb4dd69a5) Importer(2089858483,0ecaa5967403d082aa24f35e1b516d23) [PhysX] Initialized MultithreadedTaskDispatcher with 16 workers.
 -> (artifact id: 'adcb24628c5f166ad4b7a985f2333714') in 0.007080 seconds
Number of updated asset objects reloaded before import = 0
Number of asset objects unloaded after import = 1
========================================================================
Received Import Request.
  Time since last request: 0.000067 seconds.
  path: Assets/Scripts/UI/UIManager.cs
  artifactKey: Guid(158bddf8313a5484bad4ae291e5516d8) Importer(2089858483,0ecaa5967403d082aa24f35e1b516d23)
Start importing Assets/Scripts/UI/UIManager.cs using Guid(158bddf8313a5484bad4ae291e5516d8) Importer(2089858483,0ecaa5967403d082aa24f35e1b516d23) [PhysX] Initialized MultithreadedTaskDispatcher with 16 workers.
 -> (artifact id: 'b1c4dfd3f0076f3c582929f3f054620b') in 0.003341 seconds
Number of updated asset objects reloaded before import = 0
Number of asset objects unloaded after import = 1
========================================================================
Received Import Request.
  Time since last request: 0.000030 seconds.
  path: Assets/Sounds/SphereSounds/mediasound.mp3
  artifactKey: Guid(a3c399d3a39e4954d8cf304ea93ba993) Importer(2089858483,0ecaa5967403d082aa24f35e1b516d23)
Start importing Assets/Sounds/SphereSounds/mediasound.mp3 using Guid(a3c399d3a39e4954d8cf304ea93ba993) Importer(2089858483,0ecaa5967403d082aa24f35e1b516d23) [PhysX] Initialized MultithreadedTaskDispatcher with 16 workers.
 -> (artifact id: '1e0e048f0d7c21c72cb96a53317a5eb8') in 0.014665 seconds
Number of updated asset objects reloaded before import = 0
Number of asset objects unloaded after import = 1
========================================================================
Received Import Request.
  Time since last request: 0.000022 seconds.
  path: Assets/Models/dice/dice_3.png
  artifactKey: Guid(74f9dca2ae7a32443b75c74224aaac09) Importer(2089858483,0ecaa5967403d082aa24f35e1b516d23)
Start importing Assets/Models/dice/dice_3.png using Guid(74f9dca2ae7a32443b75c74224aaac09) Importer(2089858483,0ecaa5967403d082aa24f35e1b516d23) [PhysX] Initialized MultithreadedTaskDispatcher with 16 workers.
 -> (artifact id: '0e90d2a08df845c8384bc1bf903a6de3') in 0.007358 seconds
Number of updated asset objects reloaded before import = 0
Number of asset objects unloaded after import = 1
========================================================================
Received Import Request.
  Time since last request: 0.000037 seconds.
  path: Assets/Images/15789772.png
  artifactKey: Guid(7ee112316d9f5ee44a82a3ed26e71762) Importer(2089858483,0ecaa5967403d082aa24f35e1b516d23)
Start importing Assets/Images/15789772.png using Guid(7ee112316d9f5ee44a82a3ed26e71762) Importer(2089858483,0ecaa5967403d082aa24f35e1b516d23) [PhysX] Initialized MultithreadedTaskDispatcher with 16 workers.
 -> (artifact id: 'ecb2d8d088f4df450da69c1b0c3fd697') in 0.009172 seconds
Number of updated asset objects reloaded before import = 0
Number of asset objects unloaded after import = 3
========================================================================
Received Import Request.
  Time since last request: 0.000015 seconds.
  path: Assets/Images/Cards/Art/Frame 89.jpg
  artifactKey: Guid(7dee7adb56fe2794788a7412253afd46) Importer(2089858483,0ecaa5967403d082aa24f35e1b516d23)
Start importing Assets/Images/Cards/Art/Frame 89.jpg using Guid(7dee7adb56fe2794788a7412253afd46) Importer(2089858483,0ecaa5967403d082aa24f35e1b516d23) [PhysX] Initialized MultithreadedTaskDispatcher with 16 workers.
 -> (artifact id: 'e8b2b09f674aa182d25de1fa9a958b27') in 0.010979 seconds
Number of updated asset objects reloaded before import = 0
Number of asset objects unloaded after import = 3
========================================================================
Received Import Request.
  Time since last request: 0.000016 seconds.
  path: Assets/Images/Cards/Art/Frame 98.jpg
  artifactKey: Guid(f5b7ec9cb463ba14cb5f164bad61a846) Importer(2089858483,0ecaa5967403d082aa24f35e1b516d23)
Start importing Assets/Images/Cards/Art/Frame 98.jpg using Guid(f5b7ec9cb463ba14cb5f164bad61a846) Importer(2089858483,0ecaa5967403d082aa24f35e1b516d23) [PhysX] Initialized MultithreadedTaskDispatcher with 16 workers.
 -> (artifact id: 'ca9bf376d6b0cbaf9499fceb03b8b2da') in 0.009029 seconds
Number of updated asset objects reloaded before import = 0
Number of asset objects unloaded after import = 3
========================================================================
Received Import Request.
  Time since last request: 0.000012 seconds.
  path: Assets/Images/Materials/pole_1.mat
  artifactKey: Guid(3a36936f6b1d6aa4aa3fe59c6ee7acb7) Importer(2089858483,0ecaa5967403d082aa24f35e1b516d23)
Start importing Assets/Images/Materials/pole_1.mat using Guid(3a36936f6b1d6aa4aa3fe59c6ee7acb7) Importer(2089858483,0ecaa5967403d082aa24f35e1b516d23) [PhysX] Initialized MultithreadedTaskDispatcher with 16 workers.
 -> (artifact id: '8e4bb6bf009c01e6b93d07238d93403b') in 0.005237 seconds
Number of updated asset objects reloaded before import = 0
Number of asset objects unloaded after import = 2
========================================================================
Received Import Request.
  Time since last request: 0.000011 seconds.
  path: Assets/Scripts/UI/TableManager.cs
  artifactKey: Guid(9264959334f7f0843af6d512d7acffa7) Importer(2089858483,0ecaa5967403d082aa24f35e1b516d23)
Start importing Assets/Scripts/UI/TableManager.cs using Guid(9264959334f7f0843af6d512d7acffa7) Importer(2089858483,0ecaa5967403d082aa24f35e1b516d23) [PhysX] Initialized MultithreadedTaskDispatcher with 16 workers.
 -> (artifact id: '7c20b08ac0f50cd10cb207f6182db9d1') in 0.002743 seconds
Number of updated asset objects reloaded before import = 0
Number of asset objects unloaded after import = 1
========================================================================
Received Import Request.
  Time since last request: 0.000040 seconds.
  path: Assets/Models/dice/dice_2.png
  artifactKey: Guid(a76cc268050fe3c41afffa35ae646f1c) Importer(2089858483,0ecaa5967403d082aa24f35e1b516d23)
Start importing Assets/Models/dice/dice_2.png using Guid(a76cc268050fe3c41afffa35ae646f1c) Importer(2089858483,0ecaa5967403d082aa24f35e1b516d23) [PhysX] Initialized MultithreadedTaskDispatcher with 16 workers.
 -> (artifact id: 'b08a92a6148c2bdc5528f9d978f74018') in 0.007492 seconds
Number of updated asset objects reloaded before import = 0
Number of asset objects unloaded after import = 1
========================================================================
Received Import Request.
  Time since last request: 0.000032 seconds.
  path: Assets/Images/Characters/nastya-front.jpg
  artifactKey: Guid(4bcf3438e03e6044994b642942de7c4d) Importer(2089858483,0ecaa5967403d082aa24f35e1b516d23)
Start importing Assets/Images/Characters/nastya-front.jpg using Guid(4bcf3438e03e6044994b642942de7c4d) Importer(2089858483,0ecaa5967403d082aa24f35e1b516d23) [PhysX] Initialized MultithreadedTaskDispatcher with 16 workers.
 -> (artifact id: '47b4fd9fbc7b6e5c9b23a03810c1e481') in 0.014804 seconds
Number of updated asset objects reloaded before import = 0
Number of asset objects unloaded after import = 3
========================================================================
Received Import Request.
  Time since last request: 0.000014 seconds.
  path: Assets/Sounds/SphereSounds/sportsound (2).mp3
  artifactKey: Guid(ef08f21803e7dcf47917b12ff09a9156) Importer(2089858483,0ecaa5967403d082aa24f35e1b516d23)
Start importing Assets/Sounds/SphereSounds/sportsound (2).mp3 using Guid(ef08f21803e7dcf47917b12ff09a9156) Importer(2089858483,0ecaa5967403d082aa24f35e1b516d23) [PhysX] Initialized MultithreadedTaskDispatcher with 16 workers.
 -> (artifact id: '620270eabe8174a1dfb9da324e6a5c63') in 0.018932 seconds
Number of updated asset objects reloaded before import = 0
Number of asset objects unloaded after import = 1
========================================================================
Received Import Request.
  Time since last request: 0.000021 seconds.
  path: Assets/Images/Cards/Art/Frame 93.jpg
  artifactKey: Guid(30704c1a771769d46a9014e0459421e1) Importer(2089858483,0ecaa5967403d082aa24f35e1b516d23)
Start importing Assets/Images/Cards/Art/Frame 93.jpg using Guid(30704c1a771769d46a9014e0459421e1) Importer(2089858483,0ecaa5967403d082aa24f35e1b516d23) [PhysX] Initialized MultithreadedTaskDispatcher with 16 workers.
 -> (artifact id: 'd2bf4fae9462f19c013e83a66e63b2e2') in 0.010243 seconds
Number of updated asset objects reloaded before import = 0
Number of asset objects unloaded after import = 3
========================================================================
Received Import Request.
  Time since last request: 0.000021 seconds.
  path: Assets/TextMesh Pro/Shaders/TMPro_Properties.cginc
  artifactKey: Guid(3997e2241185407d80309a82f9148466) Importer(2089858483,0ecaa5967403d082aa24f35e1b516d23)
Start importing Assets/TextMesh Pro/Shaders/TMPro_Properties.cginc using Guid(3997e2241185407d80309a82f9148466) Importer(2089858483,0ecaa5967403d082aa24f35e1b516d23) [PhysX] Initialized MultithreadedTaskDispatcher with 16 workers.
 -> (artifact id: '8b9b9c88ac33246aed53cb664b42647e') in 0.003373 seconds
Number of updated asset objects reloaded before import = 0
Number of asset objects unloaded after import = 1
========================================================================
Received Import Request.
  Time since last request: 0.000031 seconds.
  path: Assets/Images/Cards/Art/Frame 96.jpg
  artifactKey: Guid(34741ec5f8b463f44b70d3c698ecc531) Importer(2089858483,0ecaa5967403d082aa24f35e1b516d23)
Start importing Assets/Images/Cards/Art/Frame 96.jpg using Guid(34741ec5f8b463f44b70d3c698ecc531) Importer(2089858483,0ecaa5967403d082aa24f35e1b516d23) [PhysX] Initialized MultithreadedTaskDispatcher with 16 workers.
 -> (artifact id: '57581decf7d9da6089f39c1ebba08640') in 0.011447 seconds
Number of updated asset objects reloaded before import = 0
Number of asset objects unloaded after import = 3
========================================================================
Received Import Request.
  Time since last request: 0.000012 seconds.
  path: Assets/Images/Covers/business-cover.jpg
  artifactKey: Guid(fbce590f759e73a44908a4d8831bb734) Importer(2089858483,0ecaa5967403d082aa24f35e1b516d23)
Start importing Assets/Images/Covers/business-cover.jpg using Guid(fbce590f759e73a44908a4d8831bb734) Importer(2089858483,0ecaa5967403d082aa24f35e1b516d23) [PhysX] Initialized MultithreadedTaskDispatcher with 16 workers.
 -> (artifact id: 'a931def16838f793b0463eb0478d17b0') in 0.007346 seconds
Number of updated asset objects reloaded before import = 0
Number of asset objects unloaded after import = 1
========================================================================
Received Import Request.
  Time since last request: 0.000029 seconds.
  path: Assets/TextMesh Pro/Fonts/LiberationSans - OFL.txt
  artifactKey: Guid(6e59c59b81ab47f9b6ec5781fa725d2c) Importer(2089858483,0ecaa5967403d082aa24f35e1b516d23)
Start importing Assets/TextMesh Pro/Fonts/LiberationSans - OFL.txt using Guid(6e59c59b81ab47f9b6ec5781fa725d2c) Importer(2089858483,0ecaa5967403d082aa24f35e1b516d23) [PhysX] Initialized MultithreadedTaskDispatcher with 16 workers.
 -> (artifact id: '6647ced632f38ee678531a0fac6e9ff0') in 0.003798 seconds
Number of updated asset objects reloaded before import = 0
Number of asset objects unloaded after import = 1
========================================================================
Received Import Request.
  Time since last request: 0.000010 seconds.
  path: Assets/Sounds/sadsound.mp3
  artifactKey: Guid(761be0573f7abf84dba4467af5adbbcc) Importer(2089858483,0ecaa5967403d082aa24f35e1b516d23)
Start importing Assets/Sounds/sadsound.mp3 using Guid(761be0573f7abf84dba4467af5adbbcc) Importer(2089858483,0ecaa5967403d082aa24f35e1b516d23) [PhysX] Initialized MultithreadedTaskDispatcher with 16 workers.
 -> (artifact id: 'b2d03a2821688e680e65fa328937e5f0') in 0.025231 seconds
Number of updated asset objects reloaded before import = 0
Number of asset objects unloaded after import = 1
========================================================================
Received Import Request.
  Time since last request: 0.000040 seconds.
  path: Assets/Images/Icons/media.png
  artifactKey: Guid(9072de6210b448448990c02e80a1a880) Importer(2089858483,0ecaa5967403d082aa24f35e1b516d23)
Start importing Assets/Images/Icons/media.png using Guid(9072de6210b448448990c02e80a1a880) Importer(2089858483,0ecaa5967403d082aa24f35e1b516d23) [PhysX] Initialized MultithreadedTaskDispatcher with 16 workers.
 -> (artifact id: '77c6ceb382697e1c64e688e57d8202c3') in 0.008631 seconds
Number of updated asset objects reloaded before import = 0
Number of asset objects unloaded after import = 3
========================================================================
Received Import Request.
  Time since last request: 0.000019 seconds.
  path: Assets/Materials/Цвета фишек/Красная фишка.mat
  artifactKey: Guid(75863a798a107324a8a42e36397072cd) Importer(2089858483,0ecaa5967403d082aa24f35e1b516d23)
Start importing Assets/Materials/Цвета фишек/Красная фишка.mat using Guid(75863a798a107324a8a42e36397072cd) Importer(2089858483,0ecaa5967403d082aa24f35e1b516d23) [PhysX] Initialized MultithreadedTaskDispatcher with 16 workers.
 -> (artifact id: 'f791508746d4679fb02537db293bedc3') in 0.004035 seconds
Number of updated asset objects reloaded before import = 0
Number of asset objects unloaded after import = 1
========================================================================
Received Import Request.
  Time since last request: 0.000030 seconds.
  path: Assets/Scripts/Controllers/GameManager.cs
  artifactKey: Guid(cb0dfacd5aad55845b9abc2c3c9cfe44) Importer(2089858483,0ecaa5967403d082aa24f35e1b516d23)
Start importing Assets/Scripts/Controllers/GameManager.cs using Guid(cb0dfacd5aad55845b9abc2c3c9cfe44) Importer(2089858483,0ecaa5967403d082aa24f35e1b516d23) [PhysX] Initialized MultithreadedTaskDispatcher with 16 workers.
 -> (artifact id: '534aa08d1c2bebfc3273203cc32a3ce8') in 0.003626 seconds
Number of updated asset objects reloaded before import = 0
Number of asset objects unloaded after import = 1
========================================================================
Received Import Request.
  Time since last request: 0.000010 seconds.
  path: Assets/TextMesh Pro/Shaders/TMP_SDF.shader
  artifactKey: Guid(68e6db2ebdc24f95958faec2be5558d6) Importer(2089858483,0ecaa5967403d082aa24f35e1b516d23)
Start importing Assets/TextMesh Pro/Shaders/TMP_SDF.shader using Guid(68e6db2ebdc24f95958faec2be5558d6) Importer(2089858483,0ecaa5967403d082aa24f35e1b516d23) [PhysX] Initialized MultithreadedTaskDispatcher with 16 workers.
 -> (artifact id: 'ac043cbaddf381020cc941cd1c6a0b32') in 0.003114 seconds
Number of updated asset objects reloaded before import = 0
Number of asset objects unloaded after import = 1
========================================================================
Received Import Request.
  Time since last request: 0.000050 seconds.
  path: Assets/Images/Cards/Art/Frame 104.jpg
  artifactKey: Guid(9e1966c91d04e05458b42be7b8b248d2) Importer(2089858483,0ecaa5967403d082aa24f35e1b516d23)
Start importing Assets/Images/Cards/Art/Frame 104.jpg using Guid(9e1966c91d04e05458b42be7b8b248d2) Importer(2089858483,0ecaa5967403d082aa24f35e1b516d23) [PhysX] Initialized MultithreadedTaskDispatcher with 16 workers.
 -> (artifact id: '20383c85ce065176e8cfd91c3a742f8b') in 0.009068 seconds
Number of updated asset objects reloaded before import = 0
Number of asset objects unloaded after import = 3
========================================================================
Received Import Request.
  Time since last request: 0.000044 seconds.
  path: Assets/Cards_projects/2026-03-17_22-59-36.mat
  artifactKey: Guid(5dc447845c1b34b4ea648c557c13609f) Importer(2089858483,0ecaa5967403d082aa24f35e1b516d23)
Start importing Assets/Cards_projects/2026-03-17_22-59-36.mat using Guid(5dc447845c1b34b4ea648c557c13609f) Importer(2089858483,0ecaa5967403d082aa24f35e1b516d23) [PhysX] Initialized MultithreadedTaskDispatcher with 16 workers.
 -> (artifact id: '1e5cf49ae68e75b05d8c11e1977f5c8b') in 0.005554 seconds
Number of updated asset objects reloaded before import = 0
Number of asset objects unloaded after import = 2
========================================================================
Received Import Request.
  Time since last request: 0.000012 seconds.
  path: Assets/Images/Cards/Science/Frame 34.jpg
  artifactKey: Guid(2a2ad580a72b39a4199910e963eafdf0) Importer(2089858483,0ecaa5967403d082aa24f35e1b516d23)
Start importing Assets/Images/Cards/Science/Frame 34.jpg using Guid(2a2ad580a72b39a4199910e963eafdf0) Importer(2089858483,0ecaa5967403d082aa24f35e1b516d23) [PhysX] Initialized MultithreadedTaskDispatcher with 16 workers.
 -> (artifact id: 'c8162d25fd48757eb697ec432a1e59de') in 0.007903 seconds
Number of updated asset objects reloaded before import = 0
Number of asset objects unloaded after import = 3
========================================================================
Received Import Request.
  Time since last request: 0.000011 seconds.
  path: Assets/Images/Cards/Business/Frame 78.jpg
  artifactKey: Guid(5aa8b6aba3e09ed48be1ff997c91ba9d) Importer(2089858483,0ecaa5967403d082aa24f35e1b516d23)
Start importing Assets/Images/Cards/Business/Frame 78.jpg using Guid(5aa8b6aba3e09ed48be1ff997c91ba9d) Importer(2089858483,0ecaa5967403d082aa24f35e1b516d23) [PhysX] Initialized MultithreadedTaskDispatcher with 16 workers.
 -> (artifact id: '2a496863976bbbf6b16256aa0ddfe240') in 0.009314 seconds
Number of updated asset objects reloaded before import = 0
Number of asset objects unloaded after import = 3
========================================================================
Received Import Request.
  Time since last request: 0.000011 seconds.
  path: Assets/Images/Cards/Business/Frame 82.jpg
  artifactKey: Guid(351d7bc201d63cb4dafa024b70f9d6da) Importer(2089858483,0ecaa5967403d082aa24f35e1b516d23)
Start importing Assets/Images/Cards/Business/Frame 82.jpg using Guid(351d7bc201d63cb4dafa024b70f9d6da) Importer(2089858483,0ecaa5967403d082aa24f35e1b516d23) [PhysX] Initialized MultithreadedTaskDispatcher with 16 workers.
 -> (artifact id: 'f2100c79fd1b57396859c221fbf5d4fa') in 0.009653 seconds
Number of updated asset objects reloaded before import = 0
Number of asset objects unloaded after import = 3
========================================================================
Received Import Request.
  Time since last request: 0.000013 seconds.
  path: Assets/Images/Cards/IT/Frame 25.jpg
  artifactKey: Guid(94a5af1dcc0f0c94dac3115df26a7045) Importer(2089858483,0ecaa5967403d082aa24f35e1b516d23)
Start importing Assets/Images/Cards/IT/Frame 25.jpg using Guid(94a5af1dcc0f0c94dac3115df26a7045) Importer(2089858483,0ecaa5967403d082aa24f35e1b516d23) [PhysX] Initialized MultithreadedTaskDispatcher with 16 workers.
 -> (artifact id: '349cef6dea6495c8da2620b0a08b51bc') in 0.011397 seconds
Number of updated asset objects reloaded before import = 0
Number of asset objects unloaded after import = 3
========================================================================
Received Import Request.
  Time since last request: 0.000021 seconds.
  path: Assets/Images/Cards/Media/Frame 48.jpg
  artifactKey: Guid(4815369388708f44591d5c73c239413d) Importer(2089858483,0ecaa5967403d082aa24f35e1b516d23)
Start importing Assets/Images/Cards/Media/Frame 48.jpg using Guid(4815369388708f44591d5c73c239413d) Importer(2089858483,0ecaa5967403d082aa24f35e1b516d23) [PhysX] Initialized MultithreadedTaskDispatcher with 16 workers.
 -> (artifact id: 'a3258f05f44d83628fcf4cf2f51fda2d') in 0.011241 seconds
Number of updated asset objects reloaded before import = 0
Number of asset objects unloaded after import = 3
========================================================================
Received Import Request.
  Time since last request: 0.000012 seconds.
  path: Assets/Images/Cards/Grant/9.jpg
  artifactKey: Guid(f0b23d298e50b9242b38b61b04fef5a1) Importer(2089858483,0ecaa5967403d082aa24f35e1b516d23)
Start importing Assets/Images/Cards/Grant/9.jpg using Guid(f0b23d298e50b9242b38b61b04fef5a1) Importer(2089858483,0ecaa5967403d082aa24f35e1b516d23) [PhysX] Initialized MultithreadedTaskDispatcher with 16 workers.
 -> (artifact id: '7fa5e5a221365982585c9da104897264') in 0.010185 seconds
Number of updated asset objects reloaded before import = 0
Number of asset objects unloaded after import = 3
========================================================================
Received Import Request.
  Time since last request: 0.000013 seconds.
  path: Assets/Images/Cards/IT/Frame 12.jpg
  artifactKey: Guid(982b0a649c1c2694bb9b47a739aae953) Importer(2089858483,0ecaa5967403d082aa24f35e1b516d23)
Start importing Assets/Images/Cards/IT/Frame 12.jpg using Guid(982b0a649c1c2694bb9b47a739aae953) Importer(2089858483,0ecaa5967403d082aa24f35e1b516d23) [PhysX] Initialized MultithreadedTaskDispatcher with 16 workers.
 -> (artifact id: 'a46b9459a25a674b8514d89d0f02aabe') in 0.010019 seconds
Number of updated asset objects reloaded before import = 0
Number of asset objects unloaded after import = 3
========================================================================
Received Import Request.
  Time since last request: 0.000012 seconds.
  path: Assets/Images/Cards/Sport/5.jpg
  artifactKey: Guid(2864baa4c16b5a9478db37313647c1ce) Importer(2089858483,0ecaa5967403d082aa24f35e1b516d23)
Start importing Assets/Images/Cards/Sport/5.jpg using Guid(2864baa4c16b5a9478db37313647c1ce) Importer(2089858483,0ecaa5967403d082aa24f35e1b516d23) [PhysX] Initialized MultithreadedTaskDispatcher with 16 workers.
 -> (artifact id: '7e717ac3c136e355f5b9c2b9cf24c264') in 0.009507 seconds
Number of updated asset objects reloaded before import = 0
Number of asset objects unloaded after import = 3
========================================================================
Received Import Request.
  Time since last request: 0.000012 seconds.
  path: Assets/Images/Cards/Sport/Frame 127.jpg
  artifactKey: Guid(f87486f800fc5034d9a12606c1cee99a) Importer(2089858483,0ecaa5967403d082aa24f35e1b516d23)
Start importing Assets/Images/Cards/Sport/Frame 127.jpg using Guid(f87486f800fc5034d9a12606c1cee99a) Importer(2089858483,0ecaa5967403d082aa24f35e1b516d23) [PhysX] Initialized MultithreadedTaskDispatcher with 16 workers.
 -> (artifact id: '487dc93d44fc77682338f6ef1f3d242c') in 0.009258 seconds
Number of updated asset objects reloaded before import = 0
Number of asset objects unloaded after import = 3
========================================================================
Received Import Request.
  Time since last request: 0.000031 seconds.
  path: Assets/Images/Cards/Business/Frame 70.jpg
  artifactKey: Guid(bcc36e0eb1ca5d8409ed9e7cc1e774d8) Importer(2089858483,0ecaa5967403d082aa24f35e1b516d23)
Start importing Assets/Images/Cards/Business/Frame 70.jpg using Guid(bcc36e0eb1ca5d8409ed9e7cc1e774d8) Importer(2089858483,0ecaa5967403d082aa24f35e1b516d23) [PhysX] Initialized MultithreadedTaskDispatcher with 16 workers.
 -> (artifact id: '21f836278fb79320a0f53d2cfc307ed3') in 0.010812 seconds
Number of updated asset objects reloaded before import = 0
Number of asset objects unloaded after import = 3
========================================================================
Received Import Request.
  Time since last request: 0.000015 seconds.
  path: Assets/Images/Cards/IT/Frame 5.jpg
  artifactKey: Guid(bbd961f69a85e574292ae9d17ccb18ab) Importer(2089858483,0ecaa5967403d082aa24f35e1b516d23)
Start importing Assets/Images/Cards/IT/Frame 5.jpg using Guid(bbd961f69a85e574292ae9d17ccb18ab) Importer(2089858483,0ecaa5967403d082aa24f35e1b516d23) [PhysX] Initialized MultithreadedTaskDispatcher with 16 workers.
 -> (artifact id: 'b2d547eb2af3061aab0c4a2425b75e44') in 0.008926 seconds
Number of updated asset objects reloaded before import = 0
Number of asset objects unloaded after import = 3
========================================================================
Received Import Request.
  Time since last request: 0.000018 seconds.
  path: Assets/Images/Cards/IT/Frame 11.jpg
  artifactKey: Guid(df7488d86c95be14db65c1342f6c5ade) Importer(2089858483,0ecaa5967403d082aa24f35e1b516d23)
Start importing Assets/Images/Cards/IT/Frame 11.jpg using Guid(df7488d86c95be14db65c1342f6c5ade) Importer(2089858483,0ecaa5967403d082aa24f35e1b516d23) [PhysX] Initialized MultithreadedTaskDispatcher with 16 workers.
 -> (artifact id: 'b2d9fc21c4961bedae8ad875781e2657') in 0.009664 seconds
Number of updated asset objects reloaded before import = 0
Number of asset objects unloaded after import = 3
========================================================================
Received Import Request.
  Time since last request: 0.000011 seconds.
  path: Assets/Images/Cards/Media/Frame 59.jpg
  artifactKey: Guid(54b9d75d86ca75145a9d901413574c15) Importer(2089858483,0ecaa5967403d082aa24f35e1b516d23)
Start importing Assets/Images/Cards/Media/Frame 59.jpg using Guid(54b9d75d86ca75145a9d901413574c15) Importer(2089858483,0ecaa5967403d082aa24f35e1b516d23) [PhysX] Initialized MultithreadedTaskDispatcher with 16 workers.
 -> (artifact id: 'b947ae79e7e2865bc205b983442d584f') in 0.009433 seconds
Number of updated asset objects reloaded before import = 0
Number of asset objects unloaded after import = 3
========================================================================
Received Import Request.
  Time since last request: 0.000032 seconds.
  path: Assets/Images/Cards/Science/Frame 37.jpg
  artifactKey: Guid(866dbc0e58607384ea0e744ca03c1c5a) Importer(2089858483,0ecaa5967403d082aa24f35e1b516d23)
Start importing Assets/Images/Cards/Science/Frame 37.jpg using Guid(866dbc0e58607384ea0e744ca03c1c5a) Importer(2089858483,0ecaa5967403d082aa24f35e1b516d23) [PhysX] Initialized MultithreadedTaskDispatcher with 16 workers.
 -> (artifact id: '1df0372e9ea7f781d40db56e76edfad1') in 0.009064 seconds
Number of updated asset objects reloaded before import = 0
Number of asset objects unloaded after import = 3
========================================================================
Received Import Request.
  Time since last request: 0.000026 seconds.
  path: Assets/Images/Cards/Science/Frame 38.jpg
  artifactKey: Guid(89541ee93603a1f43a7a448e0d460087) Importer(2089858483,0ecaa5967403d082aa24f35e1b516d23)
Start importing Assets/Images/Cards/Science/Frame 38.jpg using Guid(89541ee93603a1f43a7a448e0d460087) Importer(2089858483,0ecaa5967403d082aa24f35e1b516d23) [PhysX] Initialized MultithreadedTaskDispatcher with 16 workers.
 -> (artifact id: '1f2a8b2d8cac1b2c37dda29b3a45d7fc') in 0.010300 seconds
Number of updated asset objects reloaded before import = 0
Number of asset objects unloaded after import = 3
========================================================================
Received Import Request.
  Time since last request: 0.000011 seconds.
  path: Assets/Images/Cards/Science/Frame 46.jpg
  artifactKey: Guid(cd7d9a8429e24aa4ebeb65587b9cc9d2) Importer(2089858483,0ecaa5967403d082aa24f35e1b516d23)
Start importing Assets/Images/Cards/Science/Frame 46.jpg using Guid(cd7d9a8429e24aa4ebeb65587b9cc9d2) Importer(2089858483,0ecaa5967403d082aa24f35e1b516d23) [PhysX] Initialized MultithreadedTaskDispatcher with 16 workers.
 -> (artifact id: '231418d623cf42d61f2b317db70ad46e') in 0.009875 seconds
Number of updated asset objects reloaded before import = 0
Number of asset objects unloaded after import = 3
========================================================================
Received Import Request.
  Time since last request: 0.000011 seconds.
  path: Assets/Images/Cards/IT/8.jpg
  artifactKey: Guid(1fd156d62948285458ebec3fade46ec7) Importer(2089858483,0ecaa5967403d082aa24f35e1b516d23)
Start importing Assets/Images/Cards/IT/8.jpg using Guid(1fd156d62948285458ebec3fade46ec7) Importer(2089858483,0ecaa5967403d082aa24f35e1b516d23) [PhysX] Initialized MultithreadedTaskDispatcher with 16 workers.
 -> (artifact id: '8fa8c3bf398ba36a301843729ce8c6d1') in 0.011323 seconds
Number of updated asset objects reloaded before import = 0
Number of asset objects unloaded after import = 3
========================================================================
Received Import Request.
  Time since last request: 0.000011 seconds.
  path: Assets/Images/Cards/Science/Frame 3.jpg
  artifactKey: Guid(30330619bf88e034f86cae1cc557397b) Importer(2089858483,0ecaa5967403d082aa24f35e1b516d23)
Start importing Assets/Images/Cards/Science/Frame 3.jpg using Guid(30330619bf88e034f86cae1cc557397b) Importer(2089858483,0ecaa5967403d082aa24f35e1b516d23) [PhysX] Initialized MultithreadedTaskDispatcher with 16 workers.
 -> (artifact id: '41eff006edbc820915baf25a28f0a5db') in 0.008880 seconds
Number of updated asset objects reloaded before import = 0
Number of asset objects unloaded after import = 3
========================================================================
Received Import Request.
  Time since last request: 0.000012 seconds.
  path: Assets/Images/Cards/Business/Frame 81.jpg
  artifactKey: Guid(a7fee3ba0d2d9f747b8cd0be5cf74cb4) Importer(2089858483,0ecaa5967403d082aa24f35e1b516d23)
Start importing Assets/Images/Cards/Business/Frame 81.jpg using Guid(a7fee3ba0d2d9f747b8cd0be5cf74cb4) Importer(2089858483,0ecaa5967403d082aa24f35e1b516d23) [PhysX] Initialized MultithreadedTaskDispatcher with 16 workers.
 -> (artifact id: '9e8fc2d13b38a705e24eb9c4ca913310') in 0.010171 seconds
Number of updated asset objects reloaded before import = 0
Number of asset objects unloaded after import = 3
========================================================================
Received Import Request.
  Time since last request: 0.000011 seconds.
  path: Assets/Images/Cards/IT/Frame 22.jpg
  artifactKey: Guid(259d16f3f4df3ff40808f71360fa92be) Importer(2089858483,0ecaa5967403d082aa24f35e1b516d23)
Start importing Assets/Images/Cards/IT/Frame 22.jpg using Guid(259d16f3f4df3ff40808f71360fa92be) Importer(2089858483,0ecaa5967403d082aa24f35e1b516d23) [PhysX] Initialized MultithreadedTaskDispatcher with 16 workers.
 -> (artifact id: '134ec1700dc002fb7b33c505d16bbcee') in 0.009650 seconds
Number of updated asset objects reloaded before import = 0
Number of asset objects unloaded after import = 3
========================================================================
Received Import Request.
  Time since last request: 0.000027 seconds.
  path: Assets/Images/Cards/Science/Frame 33.jpg
  artifactKey: Guid(656127e72d12ae94b8b2ef2c1cc9183c) Importer(2089858483,0ecaa5967403d082aa24f35e1b516d23)
Start importing Assets/Images/Cards/Science/Frame 33.jpg using Guid(656127e72d12ae94b8b2ef2c1cc9183c) Importer(2089858483,0ecaa5967403d082aa24f35e1b516d23) [PhysX] Initialized MultithreadedTaskDispatcher with 16 workers.
 -> (artifact id: '90cb3380017ef6aeedc340481f5a1e92') in 0.009373 seconds
Number of updated asset objects reloaded before import = 0
Number of asset objects unloaded after import = 3
========================================================================
Received Import Request.
  Time since last request: 0.000011 seconds.
  path: Assets/Images/Cards/IT/Frame 25-1.jpg
  artifactKey: Guid(3ec787f352ef0ec4a89ef58ebf95f924) Importer(2089858483,0ecaa5967403d082aa24f35e1b516d23)
Start importing Assets/Images/Cards/IT/Frame 25-1.jpg using Guid(3ec787f352ef0ec4a89ef58ebf95f924) Importer(2089858483,0ecaa5967403d082aa24f35e1b516d23) [PhysX] Initialized MultithreadedTaskDispatcher with 16 workers.
 -> (artifact id: '86221c42b531fefee71adb1193ef7ed8') in 0.009091 seconds
Number of updated asset objects reloaded before import = 0
Number of asset objects unloaded after import = 3
========================================================================
Received Import Request.
  Time since last request: 0.000081 seconds.
  path: Assets/Images/Cards/Science/Frame 43.jpg
  artifactKey: Guid(0928deb853c4b014dbf84a1640232532) Importer(2089858483,0ecaa5967403d082aa24f35e1b516d23)
Start importing Assets/Images/Cards/Science/Frame 43.jpg using Guid(0928deb853c4b014dbf84a1640232532) Importer(2089858483,0ecaa5967403d082aa24f35e1b516d23) [PhysX] Initialized MultithreadedTaskDispatcher with 16 workers.
 -> (artifact id: 'b19517dd27d8dfda7cadb26752c7b5ed') in 0.009519 seconds
Number of updated asset objects reloaded before import = 0
Number of asset objects unloaded after import = 3
========================================================================
Received Import Request.
  Time since last request: 0.000012 seconds.
  path: Assets/Images/Cards/Business/Frame 80.jpg
  artifactKey: Guid(e3cbe39d9fde0894e86789a691dee9c2) Importer(2089858483,0ecaa5967403d082aa24f35e1b516d23)
Start importing Assets/Images/Cards/Business/Frame 80.jpg using Guid(e3cbe39d9fde0894e86789a691dee9c2) Importer(2089858483,0ecaa5967403d082aa24f35e1b516d23) [PhysX] Initialized MultithreadedTaskDispatcher with 16 workers.
 -> (artifact id: 'fc6fe67595cc0715ec9c9ce3af1a40b4') in 0.008934 seconds
Number of updated asset objects reloaded before import = 0
Number of asset objects unloaded after import = 3
========================================================================
Received Import Request.
  Time since last request: 0.000014 seconds.
  path: Assets/Images/Cards/Science/Frame 44.jpg
  artifactKey: Guid(f28741f2376c92f4396f0f7081bf1c20) Importer(2089858483,0ecaa5967403d082aa24f35e1b516d23)
Start importing Assets/Images/Cards/Science/Frame 44.jpg using Guid(f28741f2376c92f4396f0f7081bf1c20) Importer(2089858483,0ecaa5967403d082aa24f35e1b516d23) [PhysX] Initialized MultithreadedTaskDispatcher with 16 workers.
 -> (artifact id: 'a688975010b0c33471415a072a2caa74') in 0.007701 seconds
Number of updated asset objects reloaded before import = 0
Number of asset objects unloaded after import = 3
========================================================================
Received Import Request.
  Time since last request: 0.000013 seconds.
  path: Assets/Images/Cards/IT/Frame 13.jpg
  artifactKey: Guid(909ac2612b7cf004fa9e14c82e7c50c9) Importer(2089858483,0ecaa5967403d082aa24f35e1b516d23)
Start importing Assets/Images/Cards/IT/Frame 13.jpg using Guid(909ac2612b7cf004fa9e14c82e7c50c9) Importer(2089858483,0ecaa5967403d082aa24f35e1b516d23) [PhysX] Initialized MultithreadedTaskDispatcher with 16 workers.
 -> (artifact id: 'f961808415c6cfa85357d7094d1f4f31') in 0.009676 seconds
Number of updated asset objects reloaded before import = 0
Number of asset objects unloaded after import = 3
========================================================================
Received Import Request.
  Time since last request: 0.000012 seconds.
  path: Assets/Images/Cards/IT/Frame 9.jpg
  artifactKey: Guid(3dcb3c492807d09488496b17e18a60c1) Importer(2089858483,0ecaa5967403d082aa24f35e1b516d23)
Start importing Assets/Images/Cards/IT/Frame 9.jpg using Guid(3dcb3c492807d09488496b17e18a60c1) Importer(2089858483,0ecaa5967403d082aa24f35e1b516d23) [PhysX] Initialized MultithreadedTaskDispatcher with 16 workers.
 -> (artifact id: '6f88076bc5aa081212c9d52963e69b9c') in 0.008855 seconds
Number of updated asset objects reloaded before import = 0
Number of asset objects unloaded after import = 3
========================================================================
Received Import Request.
  Time since last request: 0.000012 seconds.
  path: Assets/Images/Cards/IT/Frame 15-1.jpg
  artifactKey: Guid(27c50965537c2c843a96a56eec1cea0f) Importer(2089858483,0ecaa5967403d082aa24f35e1b516d23)
Start importing Assets/Images/Cards/IT/Frame 15-1.jpg using Guid(27c50965537c2c843a96a56eec1cea0f) Importer(2089858483,0ecaa5967403d082aa24f35e1b516d23) [PhysX] Initialized MultithreadedTaskDispatcher with 16 workers.
 -> (artifact id: 'a11235e87299b15db6f42799f5534a9a') in 0.011584 seconds
Number of updated asset objects reloaded before import = 0
Number of asset objects unloaded after import = 3
========================================================================
Received Import Request.
  Time since last request: 0.000011 seconds.
  path: Assets/Images/Cards/IT/Frame 15.jpg
  artifactKey: Guid(e8acbc1e0fb706845811cf5362494519) Importer(2089858483,0ecaa5967403d082aa24f35e1b516d23)
Start importing Assets/Images/Cards/IT/Frame 15.jpg using Guid(e8acbc1e0fb706845811cf5362494519) Importer(2089858483,0ecaa5967403d082aa24f35e1b516d23) [PhysX] Initialized MultithreadedTaskDispatcher with 16 workers.
 -> (artifact id: '0021d50166185559c02f52a80984d1d9') in 0.009090 seconds
Number of updated asset objects reloaded before import = 0
Number of asset objects unloaded after import = 3
========================================================================
Received Import Request.
  Time since last request: 0.000011 seconds.
  path: Assets/Images/Cards/Media/Frame 52.jpg
  artifactKey: Guid(c5c2d380b5636504ea54937ba07446e1) Importer(2089858483,0ecaa5967403d082aa24f35e1b516d23)
Start importing Assets/Images/Cards/Media/Frame 52.jpg using Guid(c5c2d380b5636504ea54937ba07446e1) Importer(2089858483,0ecaa5967403d082aa24f35e1b516d23) [PhysX] Initialized MultithreadedTaskDispatcher with 16 workers.
 -> (artifact id: '0c70d979ba27b2fe9cba7c12996c3c5a') in 0.009293 seconds
Number of updated asset objects reloaded before import = 0
Number of asset objects unloaded after import = 3
========================================================================
Received Import Request.
  Time since last request: 0.000036 seconds.
  path: Assets/Images/Cards/Grant/Frame 167.jpg
  artifactKey: Guid(65cff95cc56fb4343946d487b36d3c73) Importer(2089858483,0ecaa5967403d082aa24f35e1b516d23)
Start importing Assets/Images/Cards/Grant/Frame 167.jpg using Guid(65cff95cc56fb4343946d487b36d3c73) Importer(2089858483,0ecaa5967403d082aa24f35e1b516d23) [PhysX] Initialized MultithreadedTaskDispatcher with 16 workers.
 -> (artifact id: '7748aaa2028344ce4b7740b3d5c969aa') in 0.009112 seconds
Number of updated asset objects reloaded before import = 0
Number of asset objects unloaded after import = 3
========================================================================
Received Import Request.
  Time since last request: 0.000010 seconds.
  path: Assets/Images/Cards/IT/Frame 26.jpg
  artifactKey: Guid(7540e16ac46a56a4baa5cfda3710d96f) Importer(2089858483,0ecaa5967403d082aa24f35e1b516d23)
Start importing Assets/Images/Cards/IT/Frame 26.jpg using Guid(7540e16ac46a56a4baa5cfda3710d96f) Importer(2089858483,0ecaa5967403d082aa24f35e1b516d23) [PhysX] Initialized MultithreadedTaskDispatcher with 16 workers.
 -> (artifact id: 'b40b93cff01584f2439a3b95145d1a33') in 0.008969 seconds
Number of updated asset objects reloaded before import = 0
Number of asset objects unloaded after import = 3
========================================================================
Received Import Request.
  Time since last request: 0.000016 seconds.
  path: Assets/Images/Cards/IT/Frame 28.jpg
  artifactKey: Guid(b1113c550100bb04293c5eb62c8d4812) Importer(2089858483,0ecaa5967403d082aa24f35e1b516d23)
Start importing Assets/Images/Cards/IT/Frame 28.jpg using Guid(b1113c550100bb04293c5eb62c8d4812) Importer(2089858483,0ecaa5967403d082aa24f35e1b516d23) [PhysX] Initialized MultithreadedTaskDispatcher with 16 workers.
 -> (artifact id: '4806ddf189888bbb2a4ce5d477ee4e7f') in 0.009895 seconds
Number of updated asset objects reloaded before import = 0
Number of asset objects unloaded after import = 3
========================================================================
Received Import Request.
  Time since last request: 0.000019 seconds.
  path: Assets/Images/Cards/Sport/Frame 129.jpg
  artifactKey: Guid(6100ab32222f9834fb0408b2746084ef) Importer(2089858483,0ecaa5967403d082aa24f35e1b516d23)
Start importing Assets/Images/Cards/Sport/Frame 129.jpg using Guid(6100ab32222f9834fb0408b2746084ef) Importer(2089858483,0ecaa5967403d082aa24f35e1b516d23) [PhysX] Initialized MultithreadedTaskDispatcher with 16 workers.
 -> (artifact id: '0f8caed7603ffbcb46f577ce88e63f44') in 0.007807 seconds
Number of updated asset objects reloaded before import = 0
Number of asset objects unloaded after import = 3
========================================================================
Received Import Request.
  Time since last request: 0.000011 seconds.
  path: Assets/Images/Cards/Media/Frame 55.jpg
  artifactKey: Guid(838bc2cc94769f24b92f7bf0901483a2) Importer(2089858483,0ecaa5967403d082aa24f35e1b516d23)
Start importing Assets/Images/Cards/Media/Frame 55.jpg using Guid(838bc2cc94769f24b92f7bf0901483a2) Importer(2089858483,0ecaa5967403d082aa24f35e1b516d23) [PhysX] Initialized MultithreadedTaskDispatcher with 16 workers.
 -> (artifact id: '81c2c85f6c624f81ac6dbb2f85057429') in 0.009836 seconds
Number of updated asset objects reloaded before import = 0
Number of asset objects unloaded after import = 3
========================================================================
Received Import Request.
  Time since last request: 0.000012 seconds.
  path: Assets/Images/Cards/Business/Frame 69.jpg
  artifactKey: Guid(f7d5ed71de71ddc4c99d3064d7bef875) Importer(2089858483,0ecaa5967403d082aa24f35e1b516d23)
Start importing Assets/Images/Cards/Business/Frame 69.jpg using Guid(f7d5ed71de71ddc4c99d3064d7bef875) Importer(2089858483,0ecaa5967403d082aa24f35e1b516d23) [PhysX] Initialized MultithreadedTaskDispatcher with 16 workers.
 -> (artifact id: '5d731ca525969efd2f0c0fe677fd4798') in 0.009998 seconds
Number of updated asset objects reloaded before import = 0
Number of asset objects unloaded after import = 3
========================================================================
Received Import Request.
  Time since last request: 0.000012 seconds.
  path: Assets/Images/Cards/Science/Frame 40.jpg
  artifactKey: Guid(d55617ad2701cb148b0328799daf2c06) Importer(2089858483,0ecaa5967403d082aa24f35e1b516d23)
Start importing Assets/Images/Cards/Science/Frame 40.jpg using Guid(d55617ad2701cb148b0328799daf2c06) Importer(2089858483,0ecaa5967403d082aa24f35e1b516d23) [PhysX] Initialized MultithreadedTaskDispatcher with 16 workers.
 -> (artifact id: '811155ada41d30182e2fcc52b64c16c5') in 0.010892 seconds
Number of updated asset objects reloaded before import = 0
Number of asset objects unloaded after import = 3
========================================================================
Received Import Request.
  Time since last request: 0.000012 seconds.
  path: Assets/Images/Cards/Media/Frame 53.jpg
  artifactKey: Guid(8b771835f91229c4a8a2c000ec1eee12) Importer(2089858483,0ecaa5967403d082aa24f35e1b516d23)
Start importing Assets/Images/Cards/Media/Frame 53.jpg using Guid(8b771835f91229c4a8a2c000ec1eee12) Importer(2089858483,0ecaa5967403d082aa24f35e1b516d23) [PhysX] Initialized MultithreadedTaskDispatcher with 16 workers.
 -> (artifact id: '5efca71f20ad544a81541e1bd7488ae6') in 0.008934 seconds
Number of updated asset objects reloaded before import = 0
Number of asset objects unloaded after import = 3
========================================================================
Received Import Request.
  Time since last request: 0.000012 seconds.
  path: Assets/Images/Cards/Media/Frame 57.jpg
  artifactKey: Guid(c6bc73a5454f6ff4c8173bf9b2931101) Importer(2089858483,0ecaa5967403d082aa24f35e1b516d23)
Start importing Assets/Images/Cards/Media/Frame 57.jpg using Guid(c6bc73a5454f6ff4c8173bf9b2931101) Importer(2089858483,0ecaa5967403d082aa24f35e1b516d23) [PhysX] Initialized MultithreadedTaskDispatcher with 16 workers.
 -> (artifact id: '75c635ae1276fe636f747743f259bc06') in 0.008257 seconds
Number of updated asset objects reloaded before import = 0
Number of asset objects unloaded after import = 3
========================================================================
Received Import Request.
  Time since last request: 0.000013 seconds.
  path: Assets/Images/Cards/IT/Frame 15-2.jpg
  artifactKey: Guid(94cac044383b2cc49b145a063e48e067) Importer(2089858483,0ecaa5967403d082aa24f35e1b516d23)
Start importing Assets/Images/Cards/IT/Frame 15-2.jpg using Guid(94cac044383b2cc49b145a063e48e067) Importer(2089858483,0ecaa5967403d082aa24f35e1b516d23) [PhysX] Initialized MultithreadedTaskDispatcher with 16 workers.
 -> (artifact id: '8bc2f7031d1b46a5c389146b54a0fec6') in 0.010583 seconds
Number of updated asset objects reloaded before import = 0
Number of asset objects unloaded after import = 3
========================================================================
Received Import Request.
  Time since last request: 0.000025 seconds.
  path: Assets/Images/Cards/Media/Frame 47.jpg
  artifactKey: Guid(28042bf0b49df844587dcfc3f6ac7fce) Importer(2089858483,0ecaa5967403d082aa24f35e1b516d23)
Start importing Assets/Images/Cards/Media/Frame 47.jpg using Guid(28042bf0b49df844587dcfc3f6ac7fce) Importer(2089858483,0ecaa5967403d082aa24f35e1b516d23) [PhysX] Initialized MultithreadedTaskDispatcher with 16 workers.
 -> (artifact id: '573afc4a67264975bdc088cc97fc9e85') in 0.011355 seconds
Number of updated asset objects reloaded before import = 0
Number of asset objects unloaded after import = 3
========================================================================
Received Import Request.
  Time since last request: 0.000013 seconds.
  path: Assets/Images/Cards/Business/Frame 84.jpg
  artifactKey: Guid(319abd5f870ff6a43a74817074a09286) Importer(2089858483,0ecaa5967403d082aa24f35e1b516d23)
Start importing Assets/Images/Cards/Business/Frame 84.jpg using Guid(319abd5f870ff6a43a74817074a09286) Importer(2089858483,0ecaa5967403d082aa24f35e1b516d23) [PhysX] Initialized MultithreadedTaskDispatcher with 16 workers.
 -> (artifact id: 'd6dc9a554c86e2425bfeaddf3f1f4f49') in 0.008811 seconds
Number of updated asset objects reloaded before import = 0
Number of asset objects unloaded after import = 3
========================================================================
Received Import Request.
  Time since last request: 0.000011 seconds.
  path: Assets/Images/Cards/Business/Frame 66.jpg
  artifactKey: Guid(bb05110311618bf40a044557c9e9c611) Importer(2089858483,0ecaa5967403d082aa24f35e1b516d23)
Start importing Assets/Images/Cards/Business/Frame 66.jpg using Guid(bb05110311618bf40a044557c9e9c611) Importer(2089858483,0ecaa5967403d082aa24f35e1b516d23) [PhysX] Initialized MultithreadedTaskDispatcher with 16 workers.
 -> (artifact id: '9dd2da94d5c0863f57f0de24802010e5') in 0.009311 seconds
Number of updated asset objects reloaded before import = 0
Number of asset objects unloaded after import = 3
========================================================================
Received Import Request.
  Time since last request: 0.000013 seconds.
  path: Assets/Images/Cards/Media/Frame 65.jpg
  artifactKey: Guid(6fefb4790c7fa0746b926f550843d113) Importer(2089858483,0ecaa5967403d082aa24f35e1b516d23)
Start importing Assets/Images/Cards/Media/Frame 65.jpg using Guid(6fefb4790c7fa0746b926f550843d113) Importer(2089858483,0ecaa5967403d082aa24f35e1b516d23) [PhysX] Initialized MultithreadedTaskDispatcher with 16 workers.
 -> (artifact id: '7a9c2cab8e50501c7b2578c0fa8c8a3f') in 0.009519 seconds
Number of updated asset objects reloaded before import = 0
Number of asset objects unloaded after import = 3
========================================================================
Received Import Request.
  Time since last request: 0.000011 seconds.
  path: Assets/Images/Cards/IT/Frame 7.jpg
  artifactKey: Guid(7394b8b4c210aa246bba4ecd9388ba1a) Importer(2089858483,0ecaa5967403d082aa24f35e1b516d23)
Start importing Assets/Images/Cards/IT/Frame 7.jpg using Guid(7394b8b4c210aa246bba4ecd9388ba1a) Importer(2089858483,0ecaa5967403d082aa24f35e1b516d23) [PhysX] Initialized MultithreadedTaskDispatcher with 16 workers.
 -> (artifact id: 'c5c6deabcc3795d77efc24f188af08f9') in 0.009720 seconds
Number of updated asset objects reloaded before import = 0
Number of asset objects unloaded after import = 3
========================================================================
Received Import Request.
  Time since last request: 0.000013 seconds.
  path: Assets/Images/Cards/Business/Frame 85.jpg
  artifactKey: Guid(1170526b677e70c43b685c4c8f571dac) Importer(2089858483,0ecaa5967403d082aa24f35e1b516d23)
Start importing Assets/Images/Cards/Business/Frame 85.jpg using Guid(1170526b677e70c43b685c4c8f571dac) Importer(2089858483,0ecaa5967403d082aa24f35e1b516d23) [PhysX] Initialized MultithreadedTaskDispatcher with 16 workers.
 -> (artifact id: 'a621b100ddb01928d22bc144cede763c') in 0.010322 seconds
Number of updated asset objects reloaded before import = 0
Number of asset objects unloaded after import = 3
========================================================================
Received Import Request.
  Time since last request: 0.000029 seconds.
  path: Assets/Images/Cards/Science/Frame 32.jpg
  artifactKey: Guid(f99b298d6a86c1646920a0402777750d) Importer(2089858483,0ecaa5967403d082aa24f35e1b516d23)
Start importing Assets/Images/Cards/Science/Frame 32.jpg using Guid(f99b298d6a86c1646920a0402777750d) Importer(2089858483,0ecaa5967403d082aa24f35e1b516d23) [PhysX] Initialized MultithreadedTaskDispatcher with 16 workers.
 -> (artifact id: '445224d841abc7fdecbafb6c1bb3e108') in 0.009728 seconds
Number of updated asset objects reloaded before import = 0
Number of asset objects unloaded after import = 3
========================================================================
Received Import Request.
  Time since last request: 0.000019 seconds.
  path: Assets/Cards_projects/2026-03-17_22-59-36.png
  artifactKey: Guid(ee13255e86a2f2945917872f3bec3b59) Importer(2089858483,0ecaa5967403d082aa24f35e1b516d23)
Start importing Assets/Cards_projects/2026-03-17_22-59-36.png using Guid(ee13255e86a2f2945917872f3bec3b59) Importer(2089858483,0ecaa5967403d082aa24f35e1b516d23) [PhysX] Initialized MultithreadedTaskDispatcher with 16 workers.
 -> (artifact id: '89966252cccd3b8d907e16c497c340bb') in 0.006756 seconds
Number of updated asset objects reloaded before import = 0
Number of asset objects unloaded after import = 1
========================================================================
Received Import Request.
  Time since last request: 0.000034 seconds.
  path: Assets/Images/Cards/Media/Frame 49.jpg
  artifactKey: Guid(aad1b0d98be4c3644b6e6270414be180) Importer(2089858483,0ecaa5967403d082aa24f35e1b516d23)
Start importing Assets/Images/Cards/Media/Frame 49.jpg using Guid(aad1b0d98be4c3644b6e6270414be180) Importer(2089858483,0ecaa5967403d082aa24f35e1b516d23) [PhysX] Initialized MultithreadedTaskDispatcher with 16 workers.
 -> (artifact id: 'db455009cdeff4be6705757a97b7779d') in 0.009039 seconds
Number of updated asset objects reloaded before import = 0
Number of asset objects unloaded after import = 3
========================================================================
Received Import Request.
  Time since last request: 0.000011 seconds.
  path: Assets/Images/Cards/Art/Frame 97.jpg
  artifactKey: Guid(7bb5e2fe02a37d7439183d3e063f47c0) Importer(2089858483,0ecaa5967403d082aa24f35e1b516d23)
Start importing Assets/Images/Cards/Art/Frame 97.jpg using Guid(7bb5e2fe02a37d7439183d3e063f47c0) Importer(2089858483,0ecaa5967403d082aa24f35e1b516d23) [PhysX] Initialized MultithreadedTaskDispatcher with 16 workers.
 -> (artifact id: '584f8eda0963bae5a927da92fd363fd4') in 0.008887 seconds
Number of updated asset objects reloaded before import = 0
Number of asset objects unloaded after import = 3
========================================================================
Received Import Request.
  Time since last request: 0.008666 seconds.
  path: Assets/Images/Cards/Sport/Frame 137.jpg
  artifactKey: Guid(66694d00c071409409650a3164d0bee6) Importer(2089858483,0ecaa5967403d082aa24f35e1b516d23)
Start importing Assets/Images/Cards/Sport/Frame 137.jpg using Guid(66694d00c071409409650a3164d0bee6) Importer(2089858483,0ecaa5967403d082aa24f35e1b516d23) [PhysX] Initialized MultithreadedTaskDispatcher with 16 workers.
 -> (artifact id: 'f4794037a0b62b9a78cef1b210a97572') in 0.011323 seconds
Number of updated asset objects reloaded before import = 0
Number of asset objects unloaded after import = 3
========================================================================
Received Import Request.
  Time since last request: 0.000040 seconds.
  path: Assets/Materials/Карточки и Колоды/Sport/Sport.mat
  artifactKey: Guid(9866837e0ece4824aa59249d85b723e9) Importer(2089858483,0ecaa5967403d082aa24f35e1b516d23)
Start importing Assets/Materials/Карточки и Колоды/Sport/Sport.mat using Guid(9866837e0ece4824aa59249d85b723e9) Importer(2089858483,0ecaa5967403d082aa24f35e1b516d23) [PhysX] Initialized MultithreadedTaskDispatcher with 16 workers.
 -> (artifact id: 'f9a8df947cf30bc1e256e13b29dc1ba1') in 0.003290 seconds
Number of updated asset objects reloaded before import = 0
Number of asset objects unloaded after import = 1
========================================================================
Received Import Request.
  Time since last request: 0.000011 seconds.
  path: Assets/Scripts/UI/Tooltip/TooltipManager.cs
  artifactKey: Guid(008bc81113f93574e84891c018678aa1) Importer(2089858483,0ecaa5967403d082aa24f35e1b516d23)
Start importing Assets/Scripts/UI/Tooltip/TooltipManager.cs using Guid(008bc81113f93574e84891c018678aa1) Importer(2089858483,0ecaa5967403d082aa24f35e1b516d23) [PhysX] Initialized MultithreadedTaskDispatcher with 16 workers.
 -> (artifact id: '05d16b7d8174421c8011ca8f9d393e83') in 0.002663 seconds
Number of updated asset objects reloaded before import = 0
Number of asset objects unloaded after import = 1
========================================================================
Received Import Request.
  Time since last request: 0.000044 seconds.
  path: Assets/Images/Cards/Sport/Frame 140.jpg
  artifactKey: Guid(6fcef0f2e44f135428ececd48813a0de) Importer(2089858483,0ecaa5967403d082aa24f35e1b516d23)
Start importing Assets/Images/Cards/Sport/Frame 140.jpg using Guid(6fcef0f2e44f135428ececd48813a0de) Importer(2089858483,0ecaa5967403d082aa24f35e1b516d23) [PhysX] Initialized MultithreadedTaskDispatcher with 16 workers.
 -> (artifact id: '37ee96c524a5d409ea1d4d72c0ed6a68') in 0.009808 seconds
Number of updated asset objects reloaded before import = 0
Number of asset objects unloaded after import = 3
========================================================================
Received Import Request.
  Time since last request: 0.000014 seconds.
  path: Assets/Materials/Карточки и Колоды/Travel/TravelCover.mat
  artifactKey: Guid(b3b69e184f38b814ebef8186d4da7426) Importer(2089858483,0ecaa5967403d082aa24f35e1b516d23)
Start importing Assets/Materials/Карточки и Колоды/Travel/TravelCover.mat using Guid(b3b69e184f38b814ebef8186d4da7426) Importer(2089858483,0ecaa5967403d082aa24f35e1b516d23) [PhysX] Initialized MultithreadedTaskDispatcher with 16 workers.
 -> (artifact id: 'afcf2ca943dc6c55db3c99a920aa9308') in 0.004647 seconds
Number of updated asset objects reloaded before import = 0
Number of asset objects unloaded after import = 2
========================================================================
Received Import Request.
  Time since last request: 0.000021 seconds.
  path: Assets/Images/Cards/Sport/Frame 144.jpg
  artifactKey: Guid(208b2d3c61b2cfa49affd59c7b93cfb4) Importer(2089858483,0ecaa5967403d082aa24f35e1b516d23)
Start importing Assets/Images/Cards/Sport/Frame 144.jpg using Guid(208b2d3c61b2cfa49affd59c7b93cfb4) Importer(2089858483,0ecaa5967403d082aa24f35e1b516d23) [PhysX] Initialized MultithreadedTaskDispatcher with 16 workers.
 -> (artifact id: '5b1cf00ac9d5936e3abd705b4eb27cf2') in 0.010988 seconds
Number of updated asset objects reloaded before import = 0
Number of asset objects unloaded after import = 3
========================================================================
Received Import Request.
  Time since last request: 0.000014 seconds.
  path: Assets/Images/Cards/Travel/17.jpg
  artifactKey: Guid(bddbd6f11b4379645bf4330e2b6fb44e) Importer(2089858483,0ecaa5967403d082aa24f35e1b516d23)
Start importing Assets/Images/Cards/Travel/17.jpg using Guid(bddbd6f11b4379645bf4330e2b6fb44e) Importer(2089858483,0ecaa5967403d082aa24f35e1b516d23) [PhysX] Initialized MultithreadedTaskDispatcher with 16 workers.
 -> (artifact id: '59553ed7feec42004bdb770a3a34ed08') in 0.010060 seconds
Number of updated asset objects reloaded before import = 0
Number of asset objects unloaded after import = 3
========================================================================
Received Import Request.
  Time since last request: 0.000012 seconds.
  path: Assets/Images/Cards/Tourism/Frame 162.jpg
  artifactKey: Guid(68b9a9e92392d4547bd46542f81463a7) Importer(2089858483,0ecaa5967403d082aa24f35e1b516d23)
Start importing Assets/Images/Cards/Tourism/Frame 162.jpg using Guid(68b9a9e92392d4547bd46542f81463a7) Importer(2089858483,0ecaa5967403d082aa24f35e1b516d23) [PhysX] Initialized MultithreadedTaskDispatcher with 16 workers.
 -> (artifact id: 'b626bd1414fd793c75849f9400f63377') in 0.009762 seconds
Number of updated asset objects reloaded before import = 0
Number of asset objects unloaded after import = 3
========================================================================
Received Import Request.
  Time since last request: 0.000012 seconds.
  path: Assets/Materials/Карточки и Колоды/Science/ScienceCover.mat
  artifactKey: Guid(60d2ee0b80b909844b0c500fd35dff63) Importer(2089858483,0ecaa5967403d082aa24f35e1b516d23)
Start importing Assets/Materials/Карточки и Колоды/Science/ScienceCover.mat using Guid(60d2ee0b80b909844b0c500fd35dff63) Importer(2089858483,0ecaa5967403d082aa24f35e1b516d23) [PhysX] Initialized MultithreadedTaskDispatcher with 16 workers.
 -> (artifact id: '2b3eb04c8df38a0b3bb45728de26e877') in 0.004046 seconds
Number of updated asset objects reloaded before import = 0
Number of asset objects unloaded after import = 2
========================================================================
Received Import Request.
  Time since last request: 0.000012 seconds.
  path: Assets/Images/Cards/Volounteer/Frame 120.jpg
  artifactKey: Guid(6cee1038bdc27fc4992311aa755d71a5) Importer(2089858483,0ecaa5967403d082aa24f35e1b516d23)
Start importing Assets/Images/Cards/Volounteer/Frame 120.jpg using Guid(6cee1038bdc27fc4992311aa755d71a5) Importer(2089858483,0ecaa5967403d082aa24f35e1b516d23) [PhysX] Initialized MultithreadedTaskDispatcher with 16 workers.
 -> (artifact id: '350f8f7b8eb2ea77761609950169faf2') in 0.009623 seconds
Number of updated asset objects reloaded before import = 0
Number of asset objects unloaded after import = 3
========================================================================
Received Import Request.
  Time since last request: 0.000025 seconds.
  path: Assets/Images/Cards/Travel/15.jpg
  artifactKey: Guid(31a5b48d53dcde34fbd9fe7233e76ad9) Importer(2089858483,0ecaa5967403d082aa24f35e1b516d23)
Start importing Assets/Images/Cards/Travel/15.jpg using Guid(31a5b48d53dcde34fbd9fe7233e76ad9) Importer(2089858483,0ecaa5967403d082aa24f35e1b516d23) [PhysX] Initialized MultithreadedTaskDispatcher with 16 workers.
 -> (artifact id: '7e765d49b4d0d00e70a261420512688f') in 0.009918 seconds
Number of updated asset objects reloaded before import = 0
Number of asset objects unloaded after import = 3
========================================================================
Received Import Request.
  Time since last request: 0.000012 seconds.
  path: Assets/Materials/Карточки и Колоды/IT/IT.mat
  artifactKey: Guid(e91c21a03f0b25a4d91a7d1de3b042b1) Importer(2089858483,0ecaa5967403d082aa24f35e1b516d23)
Start importing Assets/Materials/Карточки и Колоды/IT/IT.mat using Guid(e91c21a03f0b25a4d91a7d1de3b042b1) Importer(2089858483,0ecaa5967403d082aa24f35e1b516d23) [PhysX] Initialized MultithreadedTaskDispatcher with 16 workers.
 -> (artifact id: 'b9960c9b4fde95ab38cc0f6bd9f3a8d7') in 0.003207 seconds
Number of updated asset objects reloaded before import = 0
Number of asset objects unloaded after import = 1
========================================================================
Received Import Request.
  Time since last request: 0.000011 seconds.
  path: Assets/Materials/Карточки и Колоды/Volounteer/VolounteerCover.mat
  artifactKey: Guid(e2a5eb28b81936949914e3873ec236db) Importer(2089858483,0ecaa5967403d082aa24f35e1b516d23)
Start importing Assets/Materials/Карточки и Колоды/Volounteer/VolounteerCover.mat using Guid(e2a5eb28b81936949914e3873ec236db) Importer(2089858483,0ecaa5967403d082aa24f35e1b516d23) [PhysX] Initialized MultithreadedTaskDispatcher with 16 workers.
 -> (artifact id: 'f7e99a2a3fa5c544b67bb94e38d9fd6a') in 0.004993 seconds
Number of updated asset objects reloaded before import = 0
Number of asset objects unloaded after import = 2
========================================================================
Received Import Request.
  Time since last request: 0.000012 seconds.
  path: Assets/Images/Cards/Travel/13.jpg
  artifactKey: Guid(3dcdc67a9535d834594e92148197bdd8) Importer(2089858483,0ecaa5967403d082aa24f35e1b516d23)
Start importing Assets/Images/Cards/Travel/13.jpg using Guid(3dcdc67a9535d834594e92148197bdd8) Importer(2089858483,0ecaa5967403d082aa24f35e1b516d23) [PhysX] Initialized MultithreadedTaskDispatcher with 16 workers.
 -> (artifact id: 'b6afdee21e3adb96bd3a0463060aba3e') in 0.008279 seconds
Number of updated asset objects reloaded before import = 0
Number of asset objects unloaded after import = 3
========================================================================
Received Import Request.
  Time since last request: 0.000029 seconds.
  path: Assets/Materials/Карточки и Колоды/Tourism/Tourism.mat
  artifactKey: Guid(c874becffb343414dac0525a365bf222) Importer(2089858483,0ecaa5967403d082aa24f35e1b516d23)
Start importing Assets/Materials/Карточки и Колоды/Tourism/Tourism.mat using Guid(c874becffb343414dac0525a365bf222) Importer(2089858483,0ecaa5967403d082aa24f35e1b516d23) [PhysX] Initialized MultithreadedTaskDispatcher with 16 workers.
 -> (artifact id: '208505e09d3bd630803e349ba2e01d99') in 0.006101 seconds
Number of updated asset objects reloaded before import = 0
Number of asset objects unloaded after import = 1
========================================================================
Received Import Request.
  Time since last request: 0.000012 seconds.
  path: Assets/Materials/Карточки и Колоды/Art/ArtCover.mat
  artifactKey: Guid(fc41c9b12354f2741b2234cf977e55ae) Importer(2089858483,0ecaa5967403d082aa24f35e1b516d23)
Start importing Assets/Materials/Карточки и Колоды/Art/ArtCover.mat using Guid(fc41c9b12354f2741b2234cf977e55ae) Importer(2089858483,0ecaa5967403d082aa24f35e1b516d23) [PhysX] Initialized MultithreadedTaskDispatcher with 16 workers.
 -> (artifact id: '81d94dce98f89ab8a2f6fc46e7ef93e2') in 0.003403 seconds
Number of updated asset objects reloaded before import = 0
Number of asset objects unloaded after import = 2
========================================================================
Received Import Request.
  Time since last request: 0.000009 seconds.
  path: Assets/Images/Cards/Travel/11.jpg
  artifactKey: Guid(524933a65b05b2a459e2531792837000) Importer(2089858483,0ecaa5967403d082aa24f35e1b516d23)
Start importing Assets/Images/Cards/Travel/11.jpg using Guid(524933a65b05b2a459e2531792837000) Importer(2089858483,0ecaa5967403d082aa24f35e1b516d23) [PhysX] Initialized MultithreadedTaskDispatcher with 16 workers.
 -> (artifact id: '0bd13ea49224af1bb198054f48687001') in 0.010497 seconds
Number of updated asset objects reloaded before import = 0
Number of asset objects unloaded after import = 3
========================================================================
Received Import Request.
  Time since last request: 0.000014 seconds.
  path: Assets/Materials/Карточки и Колоды/Business/BusinessCover.mat
  artifactKey: Guid(469b3a1e3233aee48a1eb36973275965) Importer(2089858483,0ecaa5967403d082aa24f35e1b516d23)
Start importing Assets/Materials/Карточки и Колоды/Business/BusinessCover.mat using Guid(469b3a1e3233aee48a1eb36973275965) Importer(2089858483,0ecaa5967403d082aa24f35e1b516d23) [PhysX] Initialized MultithreadedTaskDispatcher with 16 workers.
 -> (artifact id: '54eadd4c266879ce80c539639ec41296') in 0.004448 seconds
Number of updated asset objects reloaded before import = 0
Number of asset objects unloaded after import = 2
========================================================================
Received Import Request.
  Time since last request: 0.000013 seconds.
  path: Assets/Images/Cards/Travel/12.jpg
  artifactKey: Guid(fe33b81970bf37342a8e55ae1bb79d75) Importer(2089858483,0ecaa5967403d082aa24f35e1b516d23)
Start importing Assets/Images/Cards/Travel/12.jpg using Guid(fe33b81970bf37342a8e55ae1bb79d75) Importer(2089858483,0ecaa5967403d082aa24f35e1b516d23) [PhysX] Initialized MultithreadedTaskDispatcher with 16 workers.
 -> (artifact id: 'de368baf0af1299d06c1c1e978162874') in 0.010341 seconds
Number of updated asset objects reloaded before import = 0
Number of asset objects unloaded after import = 3
========================================================================
Received Import Request.
  Time since last request: 0.000014 seconds.
  path: Assets/Images/Cards/Travel/19.jpg
  artifactKey: Guid(78db68f7c055b75419d78e719beb699e) Importer(2089858483,0ecaa5967403d082aa24f35e1b516d23)
Start importing Assets/Images/Cards/Travel/19.jpg using Guid(78db68f7c055b75419d78e719beb699e) Importer(2089858483,0ecaa5967403d082aa24f35e1b516d23) [PhysX] Initialized MultithreadedTaskDispatcher with 16 workers.
 -> (artifact id: 'dc14b6221ae9f115477d1fc08b781673') in 0.011339 seconds
Number of updated asset objects reloaded before import = 0
Number of asset objects unloaded after import = 3
========================================================================
Received Import Request.
  Time since last request: 0.000012 seconds.
  path: Assets/Images/Cards/Volounteer/Frame 116.jpg
  artifactKey: Guid(e60aca6bae1f0ec468133430ad50851c) Importer(2089858483,0ecaa5967403d082aa24f35e1b516d23)
Start importing Assets/Images/Cards/Volounteer/Frame 116.jpg using Guid(e60aca6bae1f0ec468133430ad50851c) Importer(2089858483,0ecaa5967403d082aa24f35e1b516d23) [PhysX] Initialized MultithreadedTaskDispatcher with 16 workers.
 -> (artifact id: 'd29aae92a7ae7bd2501df1f84ba312f2') in 0.009249 seconds
Number of updated asset objects reloaded before import = 0
Number of asset objects unloaded after import = 3
========================================================================
Received Import Request.
  Time since last request: 0.000012 seconds.
  path: Assets/Images/Cards/Tourism/Frame 154.jpg
  artifactKey: Guid(d61a6dc1f599fbf4691f1c4e6c79113b) Importer(2089858483,0ecaa5967403d082aa24f35e1b516d23)
Start importing Assets/Images/Cards/Tourism/Frame 154.jpg using Guid(d61a6dc1f599fbf4691f1c4e6c79113b) Importer(2089858483,0ecaa5967403d082aa24f35e1b516d23) [PhysX] Initialized MultithreadedTaskDispatcher with 16 workers.
 -> (artifact id: 'd89fd822bb77945f65a3e93cbaa6a0c2') in 0.009771 seconds
Number of updated asset objects reloaded before import = 0
Number of asset objects unloaded after import = 3
========================================================================
Received Import Request.
  Time since last request: 0.000024 seconds.
  path: Assets/Images/Cards/Tourism/Frame 159.jpg
  artifactKey: Guid(62cb3ac430baa584abc571f38c2caeae) Importer(2089858483,0ecaa5967403d082aa24f35e1b516d23)
Start importing Assets/Images/Cards/Tourism/Frame 159.jpg using Guid(62cb3ac430baa584abc571f38c2caeae) Importer(2089858483,0ecaa5967403d082aa24f35e1b516d23) [PhysX] Initialized MultithreadedTaskDispatcher with 16 workers.
 -> (artifact id: '2e226e7af2e9e847205e4580378ea9c4') in 0.009219 seconds
Number of updated asset objects reloaded before import = 0
Number of asset objects unloaded after import = 3
========================================================================
Received Import Request.
  Time since last request: 0.000013 seconds.
  path: Assets/Scripts/UI/Tooltip/TooltipTrigger.cs
  artifactKey: Guid(cdebf84297d9f384b9962669d0c43f45) Importer(2089858483,0ecaa5967403d082aa24f35e1b516d23)
Start importing Assets/Scripts/UI/Tooltip/TooltipTrigger.cs using Guid(cdebf84297d9f384b9962669d0c43f45) Importer(2089858483,0ecaa5967403d082aa24f35e1b516d23) [PhysX] Initialized MultithreadedTaskDispatcher with 16 workers.
 -> (artifact id: 'dc94abc5120ee7af87fe4d05fae01937') in 0.002880 seconds
Number of updated asset objects reloaded before import = 0
Number of asset objects unloaded after import = 1
========================================================================
Received Import Request.
  Time since last request: 0.000017 seconds.
  path: Assets/Images/Cards/Volounteer/Frame 119.jpg
  artifactKey: Guid(665e4fb5cbe7cdd4a942e28b9b298703) Importer(2089858483,0ecaa5967403d082aa24f35e1b516d23)
Start importing Assets/Images/Cards/Volounteer/Frame 119.jpg using Guid(665e4fb5cbe7cdd4a942e28b9b298703) Importer(2089858483,0ecaa5967403d082aa24f35e1b516d23) [PhysX] Initialized MultithreadedTaskDispatcher with 16 workers.
 -> (artifact id: '3c5065cee6b5b6a1580cb5590607b747') in 0.009579 seconds
Number of updated asset objects reloaded before import = 0
Number of asset objects unloaded after import = 3
========================================================================
Received Import Request.
  Time since last request: 0.000015 seconds.
  path: Assets/Materials/Карточки и Колоды/Grant/GrantCover.mat
  artifactKey: Guid(42ac3536a622e784886d2c8f3ab0436e) Importer(2089858483,0ecaa5967403d082aa24f35e1b516d23)
Start importing Assets/Materials/Карточки и Колоды/Grant/GrantCover.mat using Guid(42ac3536a622e784886d2c8f3ab0436e) Importer(2089858483,0ecaa5967403d082aa24f35e1b516d23) [PhysX] Initialized MultithreadedTaskDispatcher with 16 workers.
 -> (artifact id: '1123cc489153a29db83e281fdfab36bb') in 0.004610 seconds
Number of updated asset objects reloaded before import = 0
Number of asset objects unloaded after import = 2
========================================================================
Received Import Request.
  Time since last request: 0.000013 seconds.
  path: Assets/Images/Cards/Tourism/Frame 163.jpg
  artifactKey: Guid(c3d905a16fd608c42862273d1fcf7bff) Importer(2089858483,0ecaa5967403d082aa24f35e1b516d23)
Start importing Assets/Images/Cards/Tourism/Frame 163.jpg using Guid(c3d905a16fd608c42862273d1fcf7bff) Importer(2089858483,0ecaa5967403d082aa24f35e1b516d23) [PhysX] Initialized MultithreadedTaskDispatcher with 16 workers.
 -> (artifact id: '1055c688c084ac2f7260cf682c6fecca') in 0.010214 seconds
Number of updated asset objects reloaded before import = 0
Number of asset objects unloaded after import = 3
========================================================================
Received Import Request.
  Time since last request: 0.000011 seconds.
  path: Assets/Images/Cards/Volounteer/Frame 121.jpg
  artifactKey: Guid(3706f6644709fa14b82e9824a63f1790) Importer(2089858483,0ecaa5967403d082aa24f35e1b516d23)
Start importing Assets/Images/Cards/Volounteer/Frame 121.jpg using Guid(3706f6644709fa14b82e9824a63f1790) Importer(2089858483,0ecaa5967403d082aa24f35e1b516d23) [PhysX] Initialized MultithreadedTaskDispatcher with 16 workers.
 -> (artifact id: '9956dd679b202a862db72d20758436d7') in 0.009184 seconds
Number of updated asset objects reloaded before import = 0
Number of asset objects unloaded after import = 3
========================================================================
Received Import Request.
  Time since last request: 0.000012 seconds.
  path: Assets/Materials/Карточки и Колоды/Media/MediaCover.mat
  artifactKey: Guid(55e30c1362b2b004880de98e6cfb2b74) Importer(2089858483,0ecaa5967403d082aa24f35e1b516d23)
Start importing Assets/Materials/Карточки и Колоды/Media/MediaCover.mat using Guid(55e30c1362b2b004880de98e6cfb2b74) Importer(2089858483,0ecaa5967403d082aa24f35e1b516d23) [PhysX] Initialized MultithreadedTaskDispatcher with 16 workers.
 -> (artifact id: '05af144f579512d3f437579e8d656677') in 0.005841 seconds
Number of updated asset objects reloaded before import = 0
Number of asset objects unloaded after import = 2
========================================================================
Received Import Request.
  Time since last request: 0.000011 seconds.
  path: Assets/Materials/Карточки и Колоды/Science/Science.mat
  artifactKey: Guid(1b7cd6225a3120e4ea01578491ced54b) Importer(2089858483,0ecaa5967403d082aa24f35e1b516d23)
Start importing Assets/Materials/Карточки и Колоды/Science/Science.mat using Guid(1b7cd6225a3120e4ea01578491ced54b) Importer(2089858483,0ecaa5967403d082aa24f35e1b516d23) [PhysX] Initialized MultithreadedTaskDispatcher with 16 workers.
 -> (artifact id: '0e4e01d200e5d8a8ee38e537671221fb') in 0.003239 seconds
Number of updated asset objects reloaded before import = 0
Number of asset objects unloaded after import = 1
========================================================================
Received Import Request.
  Time since last request: 0.000013 seconds.
  path: Assets/Images/Cards/Volounteer/1.jpg
  artifactKey: Guid(e900b3d1e8b816448a5de358e1e0994c) Importer(2089858483,0ecaa5967403d082aa24f35e1b516d23)
Start importing Assets/Images/Cards/Volounteer/1.jpg using Guid(e900b3d1e8b816448a5de358e1e0994c) Importer(2089858483,0ecaa5967403d082aa24f35e1b516d23) [PhysX] Initialized MultithreadedTaskDispatcher with 16 workers.
 -> (artifact id: '752d2300c59a58d1b3828de710fac0c3') in 0.010788 seconds
Number of updated asset objects reloaded before import = 0
Number of asset objects unloaded after import = 3
========================================================================
Received Import Request.
  Time since last request: 0.000018 seconds.
  path: Assets/Scripts/UI/Characters/CharacterPickCard.cs
  artifactKey: Guid(e0c35e9ba809cb04f93b0b18fdd30e56) Importer(2089858483,0ecaa5967403d082aa24f35e1b516d23)
Start importing Assets/Scripts/UI/Characters/CharacterPickCard.cs using Guid(e0c35e9ba809cb04f93b0b18fdd30e56) Importer(2089858483,0ecaa5967403d082aa24f35e1b516d23) [PhysX] Initialized MultithreadedTaskDispatcher with 16 workers.
 -> (artifact id: '93d282eaad8fb50780c691bec275f98e') in 0.003213 seconds
Number of updated asset objects reloaded before import = 0
Number of asset objects unloaded after import = 1
========================================================================
Received Import Request.
  Time since last request: 0.000020 seconds.
  path: Assets/Materials/Карточки и Колоды/Art/ArtBase.mat
  artifactKey: Guid(b39e62da1c442114989601c3c9cd9109) Importer(2089858483,0ecaa5967403d082aa24f35e1b516d23)
Start importing Assets/Materials/Карточки и Колоды/Art/ArtBase.mat using Guid(b39e62da1c442114989601c3c9cd9109) Importer(2089858483,0ecaa5967403d082aa24f35e1b516d23) [PhysX] Initialized MultithreadedTaskDispatcher with 16 workers.
 -> (artifact id: '30910b1f670329f507484f5d1ec246b7') in 0.004168 seconds
Number of updated asset objects reloaded before import = 0
Number of asset objects unloaded after import = 1
========================================================================
Received Import Request.
  Time since last request: 0.000013 seconds.
  path: Assets/Materials/Карточки и Колоды/Grant/Grant.mat
  artifactKey: Guid(194d563a8adc51746923e2c1359b8127) Importer(2089858483,0ecaa5967403d082aa24f35e1b516d23)
Start importing Assets/Materials/Карточки и Колоды/Grant/Grant.mat using Guid(194d563a8adc51746923e2c1359b8127) Importer(2089858483,0ecaa5967403d082aa24f35e1b516d23) [PhysX] Initialized MultithreadedTaskDispatcher with 16 workers.
 -> (artifact id: '523a3dc0666048b09d67b1ee3f46f478') in 0.003244 seconds
Number of updated asset objects reloaded before import = 0
Number of asset objects unloaded after import = 1
========================================================================
Received Import Request.
  Time since last request: 0.000036 seconds.
  path: Assets/Materials/Карточки и Колоды/Business/Business.mat
  artifactKey: Guid(98b8cb407a6d55f4cbc4ecf33fb71ea9) Importer(2089858483,0ecaa5967403d082aa24f35e1b516d23)
Start importing Assets/Materials/Карточки и Колоды/Business/Business.mat using Guid(98b8cb407a6d55f4cbc4ecf33fb71ea9) Importer(2089858483,0ecaa5967403d082aa24f35e1b516d23) [PhysX] Initialized MultithreadedTaskDispatcher with 16 workers.
 -> (artifact id: '2184f592acacc7ed48012f9bb0c9d1e7') in 0.003171 seconds
Number of updated asset objects reloaded before import = 0
Number of asset objects unloaded after import = 1
========================================================================
Received Import Request.
  Time since last request: 0.000013 seconds.
  path: Assets/Materials/Карточки и Колоды/Media/Media.mat
  artifactKey: Guid(47afa35479bab764c88fdad187c13f6f) Importer(2089858483,0ecaa5967403d082aa24f35e1b516d23)
Start importing Assets/Materials/Карточки и Колоды/Media/Media.mat using Guid(47afa35479bab764c88fdad187c13f6f) Importer(2089858483,0ecaa5967403d082aa24f35e1b516d23) [PhysX] Initialized MultithreadedTaskDispatcher with 16 workers.
 -> (artifact id: 'e3fc6126c235c41ecb53bd50dff99db2') in 0.003160 seconds
Number of updated asset objects reloaded before import = 0
Number of asset objects unloaded after import = 1
========================================================================
Received Import Request.
  Time since last request: 0.000028 seconds.
  path: Assets/Images/Cards/Travel/21.jpg
  artifactKey: Guid(45167fbc3de1dfb40b3ff6b9c8299e58) Importer(2089858483,0ecaa5967403d082aa24f35e1b516d23)
Start importing Assets/Images/Cards/Travel/21.jpg using Guid(45167fbc3de1dfb40b3ff6b9c8299e58) Importer(2089858483,0ecaa5967403d082aa24f35e1b516d23) [PhysX] Initialized MultithreadedTaskDispatcher with 16 workers.
 -> (artifact id: '93f177f4dcc837a9b649b667dc665be6') in 0.010253 seconds
Number of updated asset objects reloaded before import = 0
Number of asset objects unloaded after import = 3
========================================================================
Received Import Request.
  Time since last request: 0.000014 seconds.
  path: Assets/Images/Cards/Sport/Frame 141.jpg
  artifactKey: Guid(1cacca7eee8da3e4d9c6336d8b8a19c1) Importer(2089858483,0ecaa5967403d082aa24f35e1b516d23)
Start importing Assets/Images/Cards/Sport/Frame 141.jpg using Guid(1cacca7eee8da3e4d9c6336d8b8a19c1) Importer(2089858483,0ecaa5967403d082aa24f35e1b516d23) [PhysX] Initialized MultithreadedTaskDispatcher with 16 workers.
 -> (artifact id: 'e1131dab6fe5b2d9d7147b8224b74636') in 0.009256 seconds
Number of updated asset objects reloaded before import = 0
Number of asset objects unloaded after import = 3
========================================================================
Received Import Request.
  Time since last request: 0.000016 seconds.
  path: Assets/Materials/Карточки и Колоды/Volounteer/Volounteer.mat
  artifactKey: Guid(5b4c9f9de9bdc5047a15958776cd0aa5) Importer(2089858483,0ecaa5967403d082aa24f35e1b516d23)
Start importing Assets/Materials/Карточки и Колоды/Volounteer/Volounteer.mat using Guid(5b4c9f9de9bdc5047a15958776cd0aa5) Importer(2089858483,0ecaa5967403d082aa24f35e1b516d23) [PhysX] Initialized MultithreadedTaskDispatcher with 16 workers.
 -> (artifact id: 'acf1a819ffe51f4c9fb972a891302eeb') in 0.003740 seconds
Number of updated asset objects reloaded before import = 0
Number of asset objects unloaded after import = 1
========================================================================
Received Import Request.
  Time since last request: 0.000015 seconds.
  path: Assets/Images/Cards/Volounteer/Frame 114.jpg
  artifactKey: Guid(40a968cbba7265347a7124eedbb79140) Importer(2089858483,0ecaa5967403d082aa24f35e1b516d23)
Start importing Assets/Images/Cards/Volounteer/Frame 114.jpg using Guid(40a968cbba7265347a7124eedbb79140) Importer(2089858483,0ecaa5967403d082aa24f35e1b516d23) [PhysX] Initialized MultithreadedTaskDispatcher with 16 workers.
 -> (artifact id: '54419c32cdd8820f1ee77c705fbb5c74') in 0.011409 seconds
Number of updated asset objects reloaded before import = 0
Number of asset objects unloaded after import = 3
========================================================================
Received Import Request.
  Time since last request: 0.000017 seconds.
  path: Assets/Images/Cards/Sport/Frame 142.jpg
  artifactKey: Guid(c58c86c3036f4484889f1583c4ba6777) Importer(2089858483,0ecaa5967403d082aa24f35e1b516d23)
Start importing Assets/Images/Cards/Sport/Frame 142.jpg using Guid(c58c86c3036f4484889f1583c4ba6777) Importer(2089858483,0ecaa5967403d082aa24f35e1b516d23) [PhysX] Initialized MultithreadedTaskDispatcher with 16 workers.
 -> (artifact id: 'c9e504d89ef7537a95728e595df46bba') in 0.009391 seconds
Number of updated asset objects reloaded before import = 0
Number of asset objects unloaded after import = 3
========================================================================
Received Import Request.
  Time since last request: 0.000012 seconds.
  path: Assets/TextMesh Pro/Resources/Style Sheets/Default Style Sheet.asset
  artifactKey: Guid(f952c082cb03451daed3ee968ac6c63e) Importer(2089858483,0ecaa5967403d082aa24f35e1b516d23)
Start importing Assets/TextMesh Pro/Resources/Style Sheets/Default Style Sheet.asset using Guid(f952c082cb03451daed3ee968ac6c63e) Importer(2089858483,0ecaa5967403d082aa24f35e1b516d23) [PhysX] Initialized MultithreadedTaskDispatcher with 16 workers.
 -> (artifact id: '115b9ea8392c123879a8d3217aa73c29') in 0.003083 seconds
Number of updated asset objects reloaded before import = 0
Number of asset objects unloaded after import = 1
========================================================================
Received Import Request.
  Time since last request: 0.000012 seconds.
  path: Assets/TextMesh Pro/Resources/Fonts & Materials/LiberationSans SDF.asset
  artifactKey: Guid(8f586378b4e144a9851e7b34d9b748ee) Importer(2089858483,0ecaa5967403d082aa24f35e1b516d23)
Start importing Assets/TextMesh Pro/Resources/Fonts & Materials/LiberationSans SDF.asset using Guid(8f586378b4e144a9851e7b34d9b748ee) Importer(2089858483,0ecaa5967403d082aa24f35e1b516d23) [PhysX] Initialized MultithreadedTaskDispatcher with 16 workers.
 -> (artifact id: 'c30108ed6dc4105bd0262871c54ce7ce') in 0.038149 seconds
Number of updated asset objects reloaded before import = 0
Number of asset objects unloaded after import = 8
========================================================================
Received Import Request.
  Time since last request: 0.000011 seconds.
  path: Assets/Images/Cards/Volounteer/Frame 124.jpg
  artifactKey: Guid(786720d15fd834040983b99997341c95) Importer(2089858483,0ecaa5967403d082aa24f35e1b516d23)
Start importing Assets/Images/Cards/Volounteer/Frame 124.jpg using Guid(786720d15fd834040983b99997341c95) Importer(2089858483,0ecaa5967403d082aa24f35e1b516d23) [PhysX] Initialized MultithreadedTaskDispatcher with 16 workers.
 -> (artifact id: '5b2ee334a52a4f28b472545989e635db') in 0.009253 seconds
Number of updated asset objects reloaded before import = 0
Number of asset objects unloaded after import = 3
========================================================================
Received Import Request.
  Time since last request: 0.000011 seconds.
  path: Assets/TextMesh Pro/Resources/Sprite Assets/EmojiOne.asset
  artifactKey: Guid(c41005c129ba4d66911b75229fd70b45) Importer(2089858483,0ecaa5967403d082aa24f35e1b516d23)
Start importing Assets/TextMesh Pro/Resources/Sprite Assets/EmojiOne.asset using Guid(c41005c129ba4d66911b75229fd70b45) Importer(2089858483,0ecaa5967403d082aa24f35e1b516d23) [PhysX] Initialized MultithreadedTaskDispatcher with 16 workers.
 -> (artifact id: '532008a3e0beb182f06e283b3e3bd245') in 0.007174 seconds
Number of updated asset objects reloaded before import = 0
Number of asset objects unloaded after import = 3
========================================================================
Received Import Request.
  Time since last request: 0.000012 seconds.
  path: Assets/Images/Cards/Travel/16.jpg
  artifactKey: Guid(ed5012e9895748142a88a4d211ac4f3c) Importer(2089858483,0ecaa5967403d082aa24f35e1b516d23)
Start importing Assets/Images/Cards/Travel/16.jpg using Guid(ed5012e9895748142a88a4d211ac4f3c) Importer(2089858483,0ecaa5967403d082aa24f35e1b516d23) [PhysX] Initialized MultithreadedTaskDispatcher with 16 workers.
 -> (artifact id: '4cb9c6917de9e5538610f5b39731d7af') in 0.010002 seconds
Number of updated asset objects reloaded before import = 0
Number of asset objects unloaded after import = 3
========================================================================
Received Import Request.
  Time since last request: 0.000013 seconds.
  path: Assets/Images/Cards/Tourism/Frame 145.jpg
  artifactKey: Guid(eaf2ecdb1d5920b48a3a75b83275dd5f) Importer(2089858483,0ecaa5967403d082aa24f35e1b516d23)
Start importing Assets/Images/Cards/Tourism/Frame 145.jpg using Guid(eaf2ecdb1d5920b48a3a75b83275dd5f) Importer(2089858483,0ecaa5967403d082aa24f35e1b516d23) [PhysX] Initialized MultithreadedTaskDispatcher with 16 workers.
 -> (artifact id: '71feacbc176b122f12f160d03161df32') in 0.009029 seconds
Number of updated asset objects reloaded before import = 0
Number of asset objects unloaded after import = 3
========================================================================
Received Import Request.
  Time since last request: 0.000011 seconds.
  path: Assets/Images/Cards/Volounteer/Frame 118.jpg
  artifactKey: Guid(2798d45406d0ee94897ea98b76c7e973) Importer(2089858483,0ecaa5967403d082aa24f35e1b516d23)
Start importing Assets/Images/Cards/Volounteer/Frame 118.jpg using Guid(2798d45406d0ee94897ea98b76c7e973) Importer(2089858483,0ecaa5967403d082aa24f35e1b516d23) [PhysX] Initialized MultithreadedTaskDispatcher with 16 workers.
 -> (artifact id: 'c6745cdea975ea03cb2450e5f20e8b9d') in 0.008790 seconds
Number of updated asset objects reloaded before import = 0
Number of asset objects unloaded after import = 3
========================================================================
Received Import Request.
  Time since last request: 0.000013 seconds.
  path: Assets/Images/Cards/Volounteer/Frame 112.jpg
  artifactKey: Guid(ceec8b483b3469243bf406b23d7a120c) Importer(2089858483,0ecaa5967403d082aa24f35e1b516d23)
Start importing Assets/Images/Cards/Volounteer/Frame 112.jpg using Guid(ceec8b483b3469243bf406b23d7a120c) Importer(2089858483,0ecaa5967403d082aa24f35e1b516d23) [PhysX] Initialized MultithreadedTaskDispatcher with 16 workers.
 -> (artifact id: '5e7a1469c46948d284e04a1669e4e023') in 0.009724 seconds
Number of updated asset objects reloaded before import = 0
Number of asset objects unloaded after import = 3
========================================================================
Received Import Request.
  Time since last request: 0.000015 seconds.
  path: Assets/Images/Cards/Tourism/Frame 149.jpg
  artifactKey: Guid(eb77438d2437519439589f0447ee8386) Importer(2089858483,0ecaa5967403d082aa24f35e1b516d23)
Start importing Assets/Images/Cards/Tourism/Frame 149.jpg using Guid(eb77438d2437519439589f0447ee8386) Importer(2089858483,0ecaa5967403d082aa24f35e1b516d23) [PhysX] Initialized MultithreadedTaskDispatcher with 16 workers.
 -> (artifact id: '6078b895ca1b48556a7c296fe1690286') in 0.008871 seconds
Number of updated asset objects reloaded before import = 0
Number of asset objects unloaded after import = 3
========================================================================
Received Import Request.
  Time since last request: 0.000012 seconds.
  path: Assets/Images/Cards/Tourism/Frame 158.jpg
  artifactKey: Guid(4bb0771b213f32048baa55644bc346a5) Importer(2089858483,0ecaa5967403d082aa24f35e1b516d23)
Start importing Assets/Images/Cards/Tourism/Frame 158.jpg using Guid(4bb0771b213f32048baa55644bc346a5) Importer(2089858483,0ecaa5967403d082aa24f35e1b516d23) [PhysX] Initialized MultithreadedTaskDispatcher with 16 workers.
 -> (artifact id: '9e5ce91da383625da9bc2cf9c9c161bc') in 0.012184 seconds
Number of updated asset objects reloaded before import = 0
Number of asset objects unloaded after import = 3
========================================================================
Received Import Request.
  Time since last request: 0.000016 seconds.
  path: Assets/Images/Cards/Tourism/Frame 150.jpg
  artifactKey: Guid(dbf2e5caad28cb343a79da02d9ce856e) Importer(2089858483,0ecaa5967403d082aa24f35e1b516d23)
Start importing Assets/Images/Cards/Tourism/Frame 150.jpg using Guid(dbf2e5caad28cb343a79da02d9ce856e) Importer(2089858483,0ecaa5967403d082aa24f35e1b516d23) [PhysX] Initialized MultithreadedTaskDispatcher with 16 workers.
 -> (artifact id: 'b3c98906c93c4e0fb17f3750173ad41c') in 0.010683 seconds
Number of updated asset objects reloaded before import = 0
Number of asset objects unloaded after import = 3
========================================================================
Received Import Request.
  Time since last request: 0.000013 seconds.
  path: Assets/Images/Cards/Volounteer/Frame 122.jpg
  artifactKey: Guid(2752694260c634e4da7edd6f11bfcd45) Importer(2089858483,0ecaa5967403d082aa24f35e1b516d23)
Start importing Assets/Images/Cards/Volounteer/Frame 122.jpg using Guid(2752694260c634e4da7edd6f11bfcd45) Importer(2089858483,0ecaa5967403d082aa24f35e1b516d23) [PhysX] Initialized MultithreadedTaskDispatcher with 16 workers.
 -> (artifact id: '5439ebe36930080e1831d575a220af58') in 0.010192 seconds
Number of updated asset objects reloaded before import = 0
Number of asset objects unloaded after import = 3
========================================================================
Received Import Request.
  Time since last request: 0.000015 seconds.
  path: Assets/Images/Cards/Tourism/Frame 155.jpg
  artifactKey: Guid(fcb250ecf5a77e046a8018cf27de2a60) Importer(2089858483,0ecaa5967403d082aa24f35e1b516d23)
Start importing Assets/Images/Cards/Tourism/Frame 155.jpg using Guid(fcb250ecf5a77e046a8018cf27de2a60) Importer(2089858483,0ecaa5967403d082aa24f35e1b516d23) [PhysX] Initialized MultithreadedTaskDispatcher with 16 workers.
 -> (artifact id: '1f9e47a806280aff4148a5a0d4dc6c4e') in 0.009246 seconds
Number of updated asset objects reloaded before import = 0
Number of asset objects unloaded after import = 3
========================================================================
Received Import Request.
  Time since last request: 0.000015 seconds.
  path: Assets/Images/Cards/Tourism/Frame 164.jpg
  artifactKey: Guid(0f14a80b1addab24cb8438854acf5604) Importer(2089858483,0ecaa5967403d082aa24f35e1b516d23)
Start importing Assets/Images/Cards/Tourism/Frame 164.jpg using Guid(0f14a80b1addab24cb8438854acf5604) Importer(2089858483,0ecaa5967403d082aa24f35e1b516d23) [PhysX] Initialized MultithreadedTaskDispatcher with 16 workers.
 -> (artifact id: '10f6faf8ff24c7099b3a3747be379ed6') in 0.009424 seconds
Number of updated asset objects reloaded before import = 0
Number of asset objects unloaded after import = 3
========================================================================
Received Import Request.
  Time since last request: 0.000021 seconds.
  path: Assets/Images/Cards/Travel/24.jpg
  artifactKey: Guid(321fd1161af5fa043966a920ddbdd996) Importer(2089858483,0ecaa5967403d082aa24f35e1b516d23)
Start importing Assets/Images/Cards/Travel/24.jpg using Guid(321fd1161af5fa043966a920ddbdd996) Importer(2089858483,0ecaa5967403d082aa24f35e1b516d23) [PhysX] Initialized MultithreadedTaskDispatcher with 16 workers.
 -> (artifact id: 'e4dc416742d1123a8eadb5a27da625e6') in 0.009564 seconds
Number of updated asset objects reloaded before import = 0
Number of asset objects unloaded after import = 3
========================================================================
Received Import Request.
  Time since last request: 0.000012 seconds.
  path: Assets/Images/Cards/Tourism/Frame 148.jpg
  artifactKey: Guid(45053b48bf4e7ea44ba0150835a9d030) Importer(2089858483,0ecaa5967403d082aa24f35e1b516d23)
Start importing Assets/Images/Cards/Tourism/Frame 148.jpg using Guid(45053b48bf4e7ea44ba0150835a9d030) Importer(2089858483,0ecaa5967403d082aa24f35e1b516d23) [PhysX] Initialized MultithreadedTaskDispatcher with 16 workers.
 -> (artifact id: '7f28ee19aad482d9cb5efe5ec602b76c') in 0.008948 seconds
Number of updated asset objects reloaded before import = 0
Number of asset objects unloaded after import = 3
========================================================================
Received Import Request.
  Time since last request: 0.000033 seconds.
  path: Assets/Images/Cards/Volounteer/Frame 117.jpg
  artifactKey: Guid(44616289e97b11a4a8318b009f3dfcaa) Importer(2089858483,0ecaa5967403d082aa24f35e1b516d23)
Start importing Assets/Images/Cards/Volounteer/Frame 117.jpg using Guid(44616289e97b11a4a8318b009f3dfcaa) Importer(2089858483,0ecaa5967403d082aa24f35e1b516d23) [PhysX] Initialized MultithreadedTaskDispatcher with 16 workers.
 -> (artifact id: 'fec7773815ea0b50cea10b850f84f09f') in 0.009881 seconds
Number of updated asset objects reloaded before import = 0
Number of asset objects unloaded after import = 3
========================================================================
Received Import Request.
  Time since last request: 0.935120 seconds.
  path: Assets/Prefabs/Materials/ПОЛЕ.mat
  artifactKey: Guid(e16baca6201c5bb4286197bbda2c9dd7) Importer(815301076,1909f56bfc062723c751e8b465ee728b)
Start importing Assets/Prefabs/Materials/ПОЛЕ.mat using Guid(e16baca6201c5bb4286197bbda2c9dd7) Importer(815301076,1909f56bfc062723c751e8b465ee728b) [PhysX] Initialized MultithreadedTaskDispatcher with 16 workers.
[PhysX] Initialized MultithreadedTaskDispatcher with 16 workers.
 -> (artifact id: '40cbc5cce049641d0ba2483a6d93ccfc') in 0.066015 seconds
Number of updated asset objects reloaded before import = 0
Number of asset objects unloaded after import = 2
========================================================================
Received Import Request.
  Time since last request: 0.000014 seconds.
  path: Assets/Materials/Цвета карточек/Уровень_Навыка.mat
  artifactKey: Guid(222b6cd9e63264443b8bed8b3b239708) Importer(815301076,1909f56bfc062723c751e8b465ee728b)
Start importing Assets/Materials/Цвета карточек/Уровень_Навыка.mat using Guid(222b6cd9e63264443b8bed8b3b239708) Importer(815301076,1909f56bfc062723c751e8b465ee728b) [PhysX] Initialized MultithreadedTaskDispatcher with 16 workers.
[PhysX] Initialized MultithreadedTaskDispatcher with 16 workers.
 -> (artifact id: '25d814b020290f942a8b78fdeb62588b') in 0.005311 seconds
Number of updated asset objects reloaded before import = 0
Number of asset objects unloaded after import = 1
========================================================================
Received Import Request.
  Time since last request: 0.000024 seconds.
  path: Assets/Scenes/то самое.unity
  artifactKey: Guid(d70d71c24775fc245a593fbb33971375) Importer(815301076,1909f56bfc062723c751e8b465ee728b)
Start importing Assets/Scenes/то самое.unity using Guid(d70d71c24775fc245a593fbb33971375) Importer(815301076,1909f56bfc062723c751e8b465ee728b) [PhysX] Initialized MultithreadedTaskDispatcher with 16 workers.
 -> (artifact id: 'c979afc300cad34f4c6497e83ab5513a') in 0.000395 seconds
Number of updated asset objects reloaded before import = 0
Number of asset objects unloaded after import = 0
========================================================================
Received Import Request.
  Time since last request: 0.000043 seconds.
  path: Assets/Materials/ПОЛЕ (не удалять).mat
  artifactKey: Guid(fe9b2f9d10fd20a4396ec61289a53f29) Importer(815301076,1909f56bfc062723c751e8b465ee728b)
Start importing Assets/Materials/ПОЛЕ (не удалять).mat using Guid(fe9b2f9d10fd20a4396ec61289a53f29) Importer(815301076,1909f56bfc062723c751e8b465ee728b) [PhysX] Initialized MultithreadedTaskDispatcher with 16 workers.
[PhysX] Initialized MultithreadedTaskDispatcher with 16 workers.
 -> (artifact id: '9e2248787826edd06ccba5e8e1097302') in 0.004740 seconds
Number of updated asset objects reloaded before import = 0
Number of asset objects unloaded after import = 2
========================================================================
Received Import Request.
  Time since last request: 0.810374 seconds.
  path: Assets/Materials/Карточки и Колоды/Travel/Travel.mat
  artifactKey: Guid(7a1663b78c5055d47af988a0ab2b743a) Importer(815301076,1909f56bfc062723c751e8b465ee728b)
Start importing Assets/Materials/Карточки и Колоды/Travel/Travel.mat using Guid(7a1663b78c5055d47af988a0ab2b743a) Importer(815301076,1909f56bfc062723c751e8b465ee728b) [PhysX] Initialized MultithreadedTaskDispatcher with 16 workers.
[PhysX] Initialized MultithreadedTaskDispatcher with 16 workers.
 -> (artifact id: '5008b3cd163830a0c2021f8b9e4f6d38') in 0.008200 seconds
Number of updated asset objects reloaded before import = 0
Number of asset objects unloaded after import = 1
========================================================================
Received Import Request.
  Time since last request: 0.000013 seconds.
  path: Assets/TextMesh Pro/Shaders/TMP_SDF.shader
  artifactKey: Guid(68e6db2ebdc24f95958faec2be5558d6) Importer(815301076,1909f56bfc062723c751e8b465ee728b)
Start importing Assets/TextMesh Pro/Shaders/TMP_SDF.shader using Guid(68e6db2ebdc24f95958faec2be5558d6) Importer(815301076,1909f56bfc062723c751e8b465ee728b) [PhysX] Initialized MultithreadedTaskDispatcher with 16 workers.
 -> (artifact id: 'b85094be01c0404b0d26e8ee9fba10ac') in 0.000574 seconds
Number of updated asset objects reloaded before import = 0
Number of asset objects unloaded after import = 0
========================================================================
Received Import Request.
  Time since last request: 0.000034 seconds.
  path: Assets/Sounds/travelgudok.mp3
  artifactKey: Guid(784d768e66e7fcf4b9204b789160684f) Importer(815301076,1909f56bfc062723c751e8b465ee728b)
Start importing Assets/Sounds/travelgudok.mp3 using Guid(784d768e66e7fcf4b9204b789160684f) Importer(815301076,1909f56bfc062723c751e8b465ee728b) [PhysX] Initialized MultithreadedTaskDispatcher with 16 workers.
[PhysX] Initialized MultithreadedTaskDispatcher with 16 workers.
 -> (artifact id: '94670ae1e9ee4cf247c04e5f373163ef') in 0.018756 seconds
Number of updated asset objects reloaded before import = 0
Number of asset objects unloaded after import = 2
========================================================================
Received Import Request.
  Time since last request: 0.159475 seconds.
  path: Assets/Scripts/Controllers/DiceController.cs
  artifactKey: Guid(69b4f5ebb4a94ee4e9609b675262e971) Importer(815301076,1909f56bfc062723c751e8b465ee728b)
Start importing Assets/Scripts/Controllers/DiceController.cs using Guid(69b4f5ebb4a94ee4e9609b675262e971) Importer(815301076,1909f56bfc062723c751e8b465ee728b) [PhysX] Initialized MultithreadedTaskDispatcher with 16 workers.
 -> (artifact id: '7bca88dc4fe6192e863144c9eefe2e2b') in 0.000473 seconds
Number of updated asset objects reloaded before import = 0
Number of asset objects unloaded after import = 0
Editor requested this worker to shutdown with reason: Scaling down because of idle timeout
TcpMessagingSession - receive error: operation aborted. errorcode: 995, details: �������� �����/������ ���� �������� ��-�� ���������� ������ ������ ��� �� ������� ����������.
AssetImportWorker is now disconnected from the server
Process exiting
Exiting without the bug reporter. Application will terminate with return code 0